[08:24:40] ProCto_DS (d3139add-473e-468f-9582-8b46bb0e237c): qq
[08:24:47] gluck97 (6e22b281-f6f7-4195-adf6-e456b6680156): ку
[08:24:55] ProCto_DS (d3139add-473e-468f-9582-8b46bb0e237c): Не заметил тебя)
[09:03:38] ProCto_DS (d3139add-473e-468f-9582-8b46bb0e237c): Даров
[09:03:44] gluck97 (6e22b281-f6f7-4195-adf6-e456b6680156): даров
[09:20:16] Apt_bolka (99791d25-cc6a-40d5-9fab-db8d91e26277): я тут
[09:20:58] Apt_bolka (99791d25-cc6a-40d5-9fab-db8d91e26277): ура открытие кейсов
[09:21:01] ProCto_DS (d3139add-473e-468f-9582-8b46bb0e237c): ГДЕ
[09:21:06] Apt_bolka (99791d25-cc6a-40d5-9fab-db8d91e26277): у меня
[09:21:18] ProCto_DS (d3139add-473e-468f-9582-8b46bb0e237c): а где ваще эти кейсы вы открываете?
[09:21:19] Apt_bolka (99791d25-cc6a-40d5-9fab-db8d91e26277): д блин дюп не пофиксили(
[09:21:30] Apt_bolka (99791d25-cc6a-40d5-9fab-db8d91e26277): ну лут боксы с квестов
[09:21:37] ProCto_DS (d3139add-473e-468f-9582-8b46bb0e237c): ааа
[09:21:39] ProCto_DS (d3139add-473e-468f-9582-8b46bb0e237c): дюп какой?)
[09:21:45] ProCto_DS (d3139add-473e-468f-9582-8b46bb0e237c): яб ихора надюпал
[09:21:59] Apt_bolka (99791d25-cc6a-40d5-9fab-db8d91e26277): д не 1 блок просто дюпается дорогогй
[09:27:47] Apt_bolka (99791d25-cc6a-40d5-9fab-db8d91e26277): я отойду
[09:27:51] Apt_bolka (99791d25-cc6a-40d5-9fab-db8d91e26277): я отойду
[09:27:56] ProCto_DS (d3139add-473e-468f-9582-8b46bb0e237c): оки
[09:32:32] ProCto_DS (d3139add-473e-468f-9582-8b46bb0e237c): Сюда
[09:37:25] Apt_bolka (99791d25-cc6a-40d5-9fab-db8d91e26277): я вернулся
[09:41:30] ProCto_DS (d3139add-473e-468f-9582-8b46bb0e237c): болка, примешЬ?
[09:43:03] Apt_bolka (99791d25-cc6a-40d5-9fab-db8d91e26277): кинь ещё раз
[09:43:35] ProCto_DS (d3139add-473e-468f-9582-8b46bb0e237c): хы
[09:44:10] ProCto_DS (d3139add-473e-468f-9582-8b46bb0e237c): эм
[09:44:28] ProCto_DS (d3139add-473e-468f-9582-8b46bb0e237c): Хоч прикол?
[09:44:33] ProCto_DS (d3139add-473e-468f-9582-8b46bb0e237c): Болка
[09:44:34] Apt_bolka (99791d25-cc6a-40d5-9fab-db8d91e26277): ну
[09:44:40] [CAPS] Apt_bolka (99791d25-cc6a-40d5-9fab-db8d91e26277): асуждаю
[09:44:54] ProCto_DS (d3139add-473e-468f-9582-8b46bb0e237c): Сюда идика)
[09:44:59] Apt_bolka (99791d25-cc6a-40d5-9fab-db8d91e26277): Хочешь дюп покажу?
[09:45:03] ProCto_DS (d3139add-473e-468f-9582-8b46bb0e237c): Сюда идика)
[09:45:09] ProCto_DS (d3139add-473e-468f-9582-8b46bb0e237c): Встань на землю
[09:45:23] Apt_bolka (99791d25-cc6a-40d5-9fab-db8d91e26277): у меня год)(
[09:45:27] Apt_bolka (99791d25-cc6a-40d5-9fab-db8d91e26277): у меня год)*
[09:45:28] ProCto_DS (d3139add-473e-468f-9582-8b46bb0e237c): Ебать
[09:45:34] ProCto_DS (d3139add-473e-468f-9582-8b46bb0e237c): Выруби на минутку
[09:45:39] Apt_bolka (99791d25-cc6a-40d5-9fab-db8d91e26277): Вырубил
[09:45:41] ProCto_DS (d3139add-473e-468f-9582-8b46bb0e237c): Вырубил?
[09:45:44] Apt_bolka (99791d25-cc6a-40d5-9fab-db8d91e26277): Вырубил
[09:45:49] Apt_bolka (99791d25-cc6a-40d5-9fab-db8d91e26277): ебат
[09:45:53] [CAPS] ProCto_DS (d3139add-473e-468f-9582-8b46bb0e237c): ща как
[09:45:54] [CAPS] ProCto_DS (d3139add-473e-468f-9582-8b46bb0e237c): прыгну
[09:45:54] Apt_bolka (99791d25-cc6a-40d5-9fab-db8d91e26277): пол хп
[09:46:01] Apt_bolka (99791d25-cc6a-40d5-9fab-db8d91e26277): я включил
[09:46:18] Apt_bolka (99791d25-cc6a-40d5-9fab-db8d91e26277): сек позвонили
[09:46:31] ProCto_DS (d3139add-473e-468f-9582-8b46bb0e237c): я пойду
[09:46:34] Apt_bolka (99791d25-cc6a-40d5-9fab-db8d91e26277): ок
[09:46:34] ProCto_DS (d3139add-473e-468f-9582-8b46bb0e237c): волш лес искать)
[09:50:26] Apt_bolka (99791d25-cc6a-40d5-9fab-db8d91e26277): такс
[09:50:59] ProCto_DS (d3139add-473e-468f-9582-8b46bb0e237c): Поздр<3
[09:51:15] Apt_bolka (99791d25-cc6a-40d5-9fab-db8d91e26277): Повер для тебя подарочек
[09:51:37] Apt_bolka (99791d25-cc6a-40d5-9fab-db8d91e26277): уф 5 милионов
[09:52:39] ProCto_DS (d3139add-473e-468f-9582-8b46bb0e237c): повер
[09:52:41] ProCto_DS (d3139add-473e-468f-9582-8b46bb0e237c): Заходить будешь?
[09:53:25] ProCto_DS (d3139add-473e-468f-9582-8b46bb0e237c): болка
[09:54:22] Apt_bolka (99791d25-cc6a-40d5-9fab-db8d91e26277): да есть
[09:55:02] ProCto_DS (d3139add-473e-468f-9582-8b46bb0e237c): НАШЁЛ
[09:55:02] ProCto_DS (d3139add-473e-468f-9582-8b46bb0e237c): НАШЁЛ
[09:55:03] ProCto_DS (d3139add-473e-468f-9582-8b46bb0e237c): НАШЁЛ
[09:55:03] ProCto_DS (d3139add-473e-468f-9582-8b46bb0e237c): НАШЁЛ
[09:55:03] ProCto_DS (d3139add-473e-468f-9582-8b46bb0e237c): НАШЁЛ
[09:55:06] [CAPS] ProCto_DS (d3139add-473e-468f-9582-8b46bb0e237c): это он
[09:55:08] ProCto_DS (d3139add-473e-468f-9582-8b46bb0e237c): ОН
[09:55:08] Apt_bolka (99791d25-cc6a-40d5-9fab-db8d91e26277): пидор
[09:55:10] [CAPS] ProCto_DS (d3139add-473e-468f-9582-8b46bb0e237c): блять это он
[09:55:22] Apt_bolka (99791d25-cc6a-40d5-9fab-db8d91e26277): бл у меня хом не установлен..
[09:55:36] Apt_bolka (99791d25-cc6a-40d5-9fab-db8d91e26277): жду повера..
[09:55:41] ProCto_DS (d3139add-473e-468f-9582-8b46bb0e237c): хах, чаго
[09:56:05] ProCto_DS (d3139add-473e-468f-9582-8b46bb0e237c): жди у меня, я ща ихор боты буду делать)
[09:56:26] Apt_bolka (99791d25-cc6a-40d5-9fab-db8d91e26277): ну тогда тепнишь когда у своей базы будешь
[09:56:30] Apt_bolka (99791d25-cc6a-40d5-9fab-db8d91e26277): ну тогда тепнишь когда у своей базы будешь
[09:56:44] [CAPS] ProCto_DS (d3139add-473e-468f-9582-8b46bb0e237c): пошло)
[09:56:46] ProCto_DS (d3139add-473e-468f-9582-8b46bb0e237c): На
[09:57:03] ProCto_DS (d3139add-473e-468f-9582-8b46bb0e237c): И ДЭ
[09:57:06] ProCto_DS (d3139add-473e-468f-9582-8b46bb0e237c): Ихор сет готов
[09:57:08] Apt_bolka (99791d25-cc6a-40d5-9fab-db8d91e26277): хпхпхп
[09:57:12] _reflexed (a4982e19-bdcc-40a7-a685-78ee1c50ad23): Я зашел
[09:57:17] Apt_bolka (99791d25-cc6a-40d5-9fab-db8d91e26277): крутой
[09:57:37] _reflexed (a4982e19-bdcc-40a7-a685-78ee1c50ad23): Не, у меня алтарь из астрала в привате
[09:57:54] Apt_bolka (99791d25-cc6a-40d5-9fab-db8d91e26277): на подгончик
[09:58:04] ProCto_DS (d3139add-473e-468f-9582-8b46bb0e237c): Ух ебать
[09:58:07] Apt_bolka (99791d25-cc6a-40d5-9fab-db8d91e26277): всё
[09:58:11] ProCto_DS (d3139add-473e-468f-9582-8b46bb0e237c): лучшеб мэ вещи были
[09:58:21] Apt_bolka (99791d25-cc6a-40d5-9fab-db8d91e26277): -_- пожалуйста
[09:58:25] ProCto_DS (d3139add-473e-468f-9582-8b46bb0e237c): спасибо)
[09:58:40] ProCto_DS (d3139add-473e-468f-9582-8b46bb0e237c): Ударька меня
[09:58:47] [CAPS] ProCto_DS (d3139add-473e-468f-9582-8b46bb0e237c): хахахаха
[09:58:51] ProCto_DS (d3139add-473e-468f-9582-8b46bb0e237c): Ваще ноль
[09:58:55] ProCto_DS (d3139add-473e-468f-9582-8b46bb0e237c): Даже ничё не происходит
[09:59:06] Apt_bolka (99791d25-cc6a-40d5-9fab-db8d91e26277): бронь не сдаи
[09:59:08] Apt_bolka (99791d25-cc6a-40d5-9fab-db8d91e26277): Сади*
[09:59:15] ProCto_DS (d3139add-473e-468f-9582-8b46bb0e237c): хм
[09:59:25] ProCto_DS (d3139add-473e-468f-9582-8b46bb0e237c): на
[09:59:46] ProCto_DS (d3139add-473e-468f-9582-8b46bb0e237c): Видишь это
[09:59:54] Apt_bolka (99791d25-cc6a-40d5-9fab-db8d91e26277): мгм
[10:00:03] Apt_bolka (99791d25-cc6a-40d5-9fab-db8d91e26277): как то тупо ты его поставил
[10:00:08] ProCto_DS (d3139add-473e-468f-9582-8b46bb0e237c): Та бл
[10:00:08] Apt_bolka (99791d25-cc6a-40d5-9fab-db8d91e26277): в низ
[10:00:10] ProCto_DS (d3139add-473e-468f-9582-8b46bb0e237c): Мне нужна мэ)
[10:00:18] Apt_bolka (99791d25-cc6a-40d5-9fab-db8d91e26277): Крафть)
[10:00:44] Apt_bolka (99791d25-cc6a-40d5-9fab-db8d91e26277): нечо се там крафтишки
[10:00:50] ProCto_DS (d3139add-473e-468f-9582-8b46bb0e237c): Ихор инструменты я не вывезу
[10:00:52] ProCto_DS (d3139add-473e-468f-9582-8b46bb0e237c): Та ну нахуй
[10:01:00] Apt_bolka (99791d25-cc6a-40d5-9fab-db8d91e26277): пххпх разлетаются
[10:01:17] ProCto_DS (d3139add-473e-468f-9582-8b46bb0e237c): ээ)
[10:01:20] ProCto_DS (d3139add-473e-468f-9582-8b46bb0e237c): что за хуйня
[10:02:19] ProCto_DS (d3139add-473e-468f-9582-8b46bb0e237c): какое самоее сильное оружие у те?
[10:02:30] ProCto_DS (d3139add-473e-468f-9582-8b46bb0e237c): Оно меня нихуя не пробивает
[10:02:37] Apt_bolka (99791d25-cc6a-40d5-9fab-db8d91e26277): есть стрелы?
[10:03:02] Apt_bolka (99791d25-cc6a-40d5-9fab-db8d91e26277): обычные
[10:03:16] ProCto_DS (d3139add-473e-468f-9582-8b46bb0e237c): ХАХАХ
[10:03:19] ProCto_DS (d3139add-473e-468f-9582-8b46bb0e237c): Сука
[10:03:20] ProCto_DS (d3139add-473e-468f-9582-8b46bb0e237c): )
[10:03:21] ProCto_DS (d3139add-473e-468f-9582-8b46bb0e237c): 0
[10:03:23] [CAPS] ProCto_DS (d3139add-473e-468f-9582-8b46bb0e237c): блять )
[10:03:26] Apt_bolka (99791d25-cc6a-40d5-9fab-db8d91e26277): чит)
[10:03:26] [CAPS] ProCto_DS (d3139add-473e-468f-9582-8b46bb0e237c): блять 0 урона
[10:03:30] Apt_bolka (99791d25-cc6a-40d5-9fab-db8d91e26277): дизбаланс
[10:03:44] Apt_bolka (99791d25-cc6a-40d5-9fab-db8d91e26277): а оно работает на чём?
[10:04:07] ProCto_DS (d3139add-473e-468f-9582-8b46bb0e237c): Та ни на чем
[10:04:11] ProCto_DS (d3139add-473e-468f-9582-8b46bb0e237c): Этож сука ихор
[10:04:13] ProCto_DS (d3139add-473e-468f-9582-8b46bb0e237c): Кровь богов
[10:04:24] Apt_bolka (99791d25-cc6a-40d5-9fab-db8d91e26277): ну тогда реал дизбалансик
[10:04:29] ProCto_DS (d3139add-473e-468f-9582-8b46bb0e237c): хмм
[10:04:34] ProCto_DS (d3139add-473e-468f-9582-8b46bb0e237c): А что если беск мечом)))))
[10:04:40] ProCto_DS (d3139add-473e-468f-9582-8b46bb0e237c): Пвп го?))))
[10:04:42] Apt_bolka (99791d25-cc6a-40d5-9fab-db8d91e26277): хз
[10:04:52] Apt_bolka (99791d25-cc6a-40d5-9fab-db8d91e26277): Какое пвп если я даже урон нанести не могу
[10:05:06] ProCto_DS (d3139add-473e-468f-9582-8b46bb0e237c): На 1.7.10
[10:05:13] ProCto_DS (d3139add-473e-468f-9582-8b46bb0e237c): Говорится что ихор это кровь богов
[10:05:15] ProCto_DS (d3139add-473e-468f-9582-8b46bb0e237c): Не соврали)
[10:05:21] Apt_bolka (99791d25-cc6a-40d5-9fab-db8d91e26277): тебя макс что убить может это дк хаос
[10:05:23] ProCto_DS (d3139add-473e-468f-9582-8b46bb0e237c): Го к рефлексу тп
[10:05:27] Apt_bolka (99791d25-cc6a-40d5-9fab-db8d91e26277): д го
[10:05:38] _reflexed (a4982e19-bdcc-40a7-a685-78ee1c50ad23): Ууу ясно все
[10:05:40] _reflexed (a4982e19-bdcc-40a7-a685-78ee1c50ad23): Читак
[10:05:44] Apt_bolka (99791d25-cc6a-40d5-9fab-db8d91e26277): ага
[10:05:48] Apt_bolka (99791d25-cc6a-40d5-9fab-db8d91e26277): Импакт что там ещё есть
[10:05:52] _reflexed (a4982e19-bdcc-40a7-a685-78ee1c50ad23): Вурст
[10:05:54] ProCto_DS (d3139add-473e-468f-9582-8b46bb0e237c): Рефлекс
[10:05:56] _reflexed (a4982e19-bdcc-40a7-a685-78ee1c50ad23): ?
[10:06:01] ProCto_DS (d3139add-473e-468f-9582-8b46bb0e237c): Что у те самое сильное оружие?)
[10:06:06] ProCto_DS (d3139add-473e-468f-9582-8b46bb0e237c): Ударь меня
[10:06:13] _reflexed (a4982e19-bdcc-40a7-a685-78ee1c50ad23): Я тут пвп вырубил
[10:06:15] ProCto_DS (d3139add-473e-468f-9582-8b46bb0e237c): Пвп в рг
[10:06:21] ProCto_DS (d3139add-473e-468f-9582-8b46bb0e237c): Го вне рг
[10:06:26] _reflexed (a4982e19-bdcc-40a7-a685-78ee1c50ad23): Давай сюда
[10:06:33] [CAPS] ProCto_DS (d3139add-473e-468f-9582-8b46bb0e237c): хахаха
[10:06:36] ProCto_DS (d3139add-473e-468f-9582-8b46bb0e237c): 0
[10:06:37] ProCto_DS (d3139add-473e-468f-9582-8b46bb0e237c): 0
[10:06:38] ProCto_DS (d3139add-473e-468f-9582-8b46bb0e237c): 0
[10:06:44] Apt_bolka (99791d25-cc6a-40d5-9fab-db8d91e26277): рефлекс
[10:06:50] Apt_bolka (99791d25-cc6a-40d5-9fab-db8d91e26277): подойдика
[10:06:51] _reflexed (a4982e19-bdcc-40a7-a685-78ee1c50ad23): ?
[10:06:54] Apt_bolka (99791d25-cc6a-40d5-9fab-db8d91e26277): на
[10:06:59] _reflexed (a4982e19-bdcc-40a7-a685-78ee1c50ad23): И?
[10:07:14] ProCto_DS (d3139add-473e-468f-9582-8b46bb0e237c): Ебать вы лохи
[10:07:16] _reflexed (a4982e19-bdcc-40a7-a685-78ee1c50ad23): У меня тесак ломает блоки
[10:07:17] ProCto_DS (d3139add-473e-468f-9582-8b46bb0e237c): знаете почему?
[10:07:19] _reflexed (a4982e19-bdcc-40a7-a685-78ee1c50ad23): стой
[10:07:23] _reflexed (a4982e19-bdcc-40a7-a685-78ee1c50ad23): Бам
[10:07:29] Apt_bolka (99791d25-cc6a-40d5-9fab-db8d91e26277): пхзпхпхп
[10:07:30] ProCto_DS (d3139add-473e-468f-9582-8b46bb0e237c): это не ты нанёс
[10:07:33] ProCto_DS (d3139add-473e-468f-9582-8b46bb0e237c): Это слаймы
[10:07:39] ProCto_DS (d3139add-473e-468f-9582-8b46bb0e237c): Бля вы лохи, знаете почему?)
[10:07:53] _reflexed (a4982e19-bdcc-40a7-a685-78ee1c50ad23): Никакого урона
[10:07:54] _reflexed (a4982e19-bdcc-40a7-a685-78ee1c50ad23): пон
[10:07:55] ProCto_DS (d3139add-473e-468f-9582-8b46bb0e237c): ХАХа
[10:08:04] _reflexed (a4982e19-bdcc-40a7-a685-78ee1c50ad23): Ихор тебя защищает
[10:08:07] ProCto_DS (d3139add-473e-468f-9582-8b46bb0e237c): От слаймов у меня хоть экран дергается
[10:08:09] Apt_bolka (99791d25-cc6a-40d5-9fab-db8d91e26277): чем занимаются игроки на new dawn
[10:08:14] ProCto_DS (d3139add-473e-468f-9582-8b46bb0e237c): А от вас
[10:08:17] ProCto_DS (d3139add-473e-468f-9582-8b46bb0e237c): 0 эффекта
[10:08:27] ProCto_DS (d3139add-473e-468f-9582-8b46bb0e237c): Кст
[10:08:32] ProCto_DS (d3139add-473e-468f-9582-8b46bb0e237c): В лаве я по сути нереально хилюсь
[10:08:40] ProCto_DS (d3139add-473e-468f-9582-8b46bb0e237c): И я регенюсь даже без голода)
[10:08:40] _reflexed (a4982e19-bdcc-40a7-a685-78ee1c50ad23): Мне бы рустов из мода про куриц
[10:08:44] _reflexed (a4982e19-bdcc-40a7-a685-78ee1c50ad23): И была бы сказка
[10:08:54] ProCto_DS (d3139add-473e-468f-9582-8b46bb0e237c): ммм
[10:08:55] ProCto_DS (d3139add-473e-468f-9582-8b46bb0e237c): Медь
[10:08:59] ProCto_DS (d3139add-473e-468f-9582-8b46bb0e237c): Медёчек
[10:09:01] ProCto_DS (d3139add-473e-468f-9582-8b46bb0e237c): Как приятно
[10:09:02] ProCto_DS (d3139add-473e-468f-9582-8b46bb0e237c): ))))
[10:09:06] _reflexed (a4982e19-bdcc-40a7-a685-78ee1c50ad23): Гений
[10:09:09] _reflexed (a4982e19-bdcc-40a7-a685-78ee1c50ad23): Ты в магме плаваешь
[10:09:18] ProCto_DS (d3139add-473e-468f-9582-8b46bb0e237c): ВИИИ
[10:09:37] ProCto_DS (d3139add-473e-468f-9582-8b46bb0e237c): хмм
[10:09:41] ProCto_DS (d3139add-473e-468f-9582-8b46bb0e237c): Спешку 2 даёт
[10:09:44] ProCto_DS (d3139add-473e-468f-9582-8b46bb0e237c): А шо если
[10:09:45] Apt_bolka (99791d25-cc6a-40d5-9fab-db8d91e26277): го кто быстрее бегает?
[10:09:52] Apt_bolka (99791d25-cc6a-40d5-9fab-db8d91e26277): го кто быстрее бегает?
[10:10:23] [CAPS] ProCto_DS (d3139add-473e-468f-9582-8b46bb0e237c): го пвп?____
[10:10:29] ProCto_DS (d3139add-473e-468f-9582-8b46bb0e237c): Стопэ
[10:10:30] ProCto_DS (d3139add-473e-468f-9582-8b46bb0e237c): А что если
[10:10:31] _reflexed (a4982e19-bdcc-40a7-a685-78ee1c50ad23): Господи
[10:10:39] ProCto_DS (d3139add-473e-468f-9582-8b46bb0e237c): Ударька сейчас*?
[10:10:40] _reflexed (a4982e19-bdcc-40a7-a685-78ee1c50ad23): Я наконецто могу сделать простой генератор стирлинга
[10:11:02] [CAPS] ProCto_DS (d3139add-473e-468f-9582-8b46bb0e237c): мне пахую
[10:11:06] [CAPS] ProCto_DS (d3139add-473e-468f-9582-8b46bb0e237c): я броннированый)
[10:11:12] Apt_bolka (99791d25-cc6a-40d5-9fab-db8d91e26277): ураааа
[10:11:14] ProCto_DS (d3139add-473e-468f-9582-8b46bb0e237c): хах
[10:11:33] Apt_bolka (99791d25-cc6a-40d5-9fab-db8d91e26277): а что ты в аду делаешь?
[10:11:39] ProCto_DS (d3139add-473e-468f-9582-8b46bb0e237c): Повер прими
[10:11:45] Apt_bolka (99791d25-cc6a-40d5-9fab-db8d91e26277): ко мне тп
[10:11:48] Apt_bolka (99791d25-cc6a-40d5-9fab-db8d91e26277): ко мне тп
[10:12:05] ProCto_DS (d3139add-473e-468f-9582-8b46bb0e237c): Ударька меня повер
[10:12:14] Apt_bolka (99791d25-cc6a-40d5-9fab-db8d91e26277): повер тепни домой
[10:12:22] ProCto_DS (d3139add-473e-468f-9582-8b46bb0e237c): Во
[10:12:25] ProCto_DS (d3139add-473e-468f-9582-8b46bb0e237c): еще
[10:12:27] ProCto_DS (d3139add-473e-468f-9582-8b46bb0e237c): Похуй
[10:12:42] Apt_bolka (99791d25-cc6a-40d5-9fab-db8d91e26277): повер тепни домой
[10:12:49] ProCto_DS (d3139add-473e-468f-9582-8b46bb0e237c): 0 урона
[10:12:51] Stxywxthme (6ce0cde9-8c92-4c66-96ad-6bffb9dfc01b): куда
[10:12:51] ProCto_DS (d3139add-473e-468f-9582-8b46bb0e237c): Ваще похуй
[10:12:55] Apt_bolka (99791d25-cc6a-40d5-9fab-db8d91e26277): домой
[10:13:01] Apt_bolka (99791d25-cc6a-40d5-9fab-db8d91e26277): я сет хом забыл поставить
[10:13:02] Stxywxthme (6ce0cde9-8c92-4c66-96ad-6bffb9dfc01b): ща
[10:13:10] ProCto_DS (d3139add-473e-468f-9582-8b46bb0e237c): бей
[10:13:13] ProCto_DS (d3139add-473e-468f-9582-8b46bb0e237c): Беск
[10:13:17] ProCto_DS (d3139add-473e-468f-9582-8b46bb0e237c): я стоп скажу
[10:13:23] ProCto_DS (d3139add-473e-468f-9582-8b46bb0e237c): Та не ты
[10:13:28] ProCto_DS (d3139add-473e-468f-9582-8b46bb0e237c): А он
[10:13:36] ProCto_DS (d3139add-473e-468f-9582-8b46bb0e237c): ахах
[10:13:37] [CAPS] ProCto_DS (d3139add-473e-468f-9582-8b46bb0e237c): аххахаха
[10:13:40] ProCto_DS (d3139add-473e-468f-9582-8b46bb0e237c): в него все летит)
[10:13:42] ProCto_DS (d3139add-473e-468f-9582-8b46bb0e237c): Хахах
[10:13:55] ProCto_DS (d3139add-473e-468f-9582-8b46bb0e237c): Еби меня
[10:14:08] Stxywxthme (6ce0cde9-8c92-4c66-96ad-6bffb9dfc01b): ща
[10:14:29] ProCto_DS (d3139add-473e-468f-9582-8b46bb0e237c): Скажу одну вещь
[10:14:35] ProCto_DS (d3139add-473e-468f-9582-8b46bb0e237c): Эти птицы меня нихуя не пробивают
[10:14:50] ProCto_DS (d3139add-473e-468f-9582-8b46bb0e237c): Ебать фпс
[10:14:51] ProCto_DS (d3139add-473e-468f-9582-8b46bb0e237c): ааа
[10:14:58] ProCto_DS (d3139add-473e-468f-9582-8b46bb0e237c): Го пвп?
[10:14:58] Apt_bolka (99791d25-cc6a-40d5-9fab-db8d91e26277): д тепните меня
[10:15:01] Apt_bolka (99791d25-cc6a-40d5-9fab-db8d91e26277): я домой хочу((
[10:15:09] [CAPS] Apt_bolka (99791d25-cc6a-40d5-9fab-db8d91e26277): бляяять
[10:15:14] ProCto_DS (d3139add-473e-468f-9582-8b46bb0e237c): я с меча
[10:15:17] ProCto_DS (d3139add-473e-468f-9582-8b46bb0e237c): Могу кликать беск)
[10:15:28] Apt_bolka (99791d25-cc6a-40d5-9fab-db8d91e26277): Повер
[10:15:33] Apt_bolka (99791d25-cc6a-40d5-9fab-db8d91e26277): Повер тепнись домой
[10:15:40] ProCto_DS (d3139add-473e-468f-9582-8b46bb0e237c): Тепни его домой
[10:15:52] Apt_bolka (99791d25-cc6a-40d5-9fab-db8d91e26277): ура
[10:16:04] Apt_bolka (99791d25-cc6a-40d5-9fab-db8d91e26277): опанька
[10:16:13] Stxywxthme (6ce0cde9-8c92-4c66-96ad-6bffb9dfc01b): не мой
[10:16:15] Apt_bolka (99791d25-cc6a-40d5-9fab-db8d91e26277): мой
[10:16:26] ProCto_DS (d3139add-473e-468f-9582-8b46bb0e237c): каеф
[10:16:32] ProCto_DS (d3139add-473e-468f-9582-8b46bb0e237c): Чтот посильнее есть?)
[10:16:33] Apt_bolka (99791d25-cc6a-40d5-9fab-db8d91e26277): ммм
[10:16:39] Stxywxthme (6ce0cde9-8c92-4c66-96ad-6bffb9dfc01b): ща
[10:17:06] ProCto_DS (d3139add-473e-468f-9582-8b46bb0e237c): Ебать
[10:17:12] ProCto_DS (d3139add-473e-468f-9582-8b46bb0e237c): я панели заходить могу
[10:17:16] Stxywxthme (6ce0cde9-8c92-4c66-96ad-6bffb9dfc01b): да
[10:17:20] Stxywxthme (6ce0cde9-8c92-4c66-96ad-6bffb9dfc01b): там нет привата
[10:17:27] ProCto_DS (d3139add-473e-468f-9582-8b46bb0e237c): А
[10:17:28] ProCto_DS (d3139add-473e-468f-9582-8b46bb0e237c): Ой
[10:17:28] Apt_bolka (99791d25-cc6a-40d5-9fab-db8d91e26277): Ух ебать
[10:17:30] ProCto_DS (d3139add-473e-468f-9582-8b46bb0e237c): извиняюсь)
[10:17:37] Stxywxthme (6ce0cde9-8c92-4c66-96ad-6bffb9dfc01b): тут тоже нет
[10:17:54] ProCto_DS (d3139add-473e-468f-9582-8b46bb0e237c): Нашёл чтот посильенее повер?
[10:18:01] Apt_bolka (99791d25-cc6a-40d5-9fab-db8d91e26277): Повер можешь сделать провода из Индастрела?
[10:18:09] Stxywxthme (6ce0cde9-8c92-4c66-96ad-6bffb9dfc01b): нету
[10:18:16] Stxywxthme (6ce0cde9-8c92-4c66-96ad-6bffb9dfc01b): да могу сделать
[10:18:27] ProCto_DS (d3139add-473e-468f-9582-8b46bb0e237c): СКОКА
[10:18:29] ProCto_DS (d3139add-473e-468f-9582-8b46bb0e237c): ВЫ ЧЁ
[10:18:34] ProCto_DS (d3139add-473e-468f-9582-8b46bb0e237c): КАКИЕ НАХ 10лямов
[10:18:46] Apt_bolka (99791d25-cc6a-40d5-9fab-db8d91e26277): пхпхпх
[10:18:52] Apt_bolka (99791d25-cc6a-40d5-9fab-db8d91e26277): как живут арабы в сочи
[10:19:01] Apt_bolka (99791d25-cc6a-40d5-9fab-db8d91e26277): самое крутое
[10:19:11] ProCto_DS (d3139add-473e-468f-9582-8b46bb0e237c): Спс
[10:19:12] Apt_bolka (99791d25-cc6a-40d5-9fab-db8d91e26277): Беспроводные соеденители
[10:19:13] ProCto_DS (d3139add-473e-468f-9582-8b46bb0e237c): За панель)
[10:19:19] [CAPS] Apt_bolka (99791d25-cc6a-40d5-9fab-db8d91e26277): ты чо аху
[10:19:22] Apt_bolka (99791d25-cc6a-40d5-9fab-db8d91e26277): Верни
[10:19:25] Apt_bolka (99791d25-cc6a-40d5-9fab-db8d91e26277): как ты сломал
[10:19:28] Apt_bolka (99791d25-cc6a-40d5-9fab-db8d91e26277): МММ
[10:19:32] Apt_bolka (99791d25-cc6a-40d5-9fab-db8d91e26277): отдай
[10:19:36] Apt_bolka (99791d25-cc6a-40d5-9fab-db8d91e26277): Д алё
[10:19:40] Apt_bolka (99791d25-cc6a-40d5-9fab-db8d91e26277): стоп чо
[10:19:46] Stxywxthme (6ce0cde9-8c92-4c66-96ad-6bffb9dfc01b): я говорб
[10:19:47] Apt_bolka (99791d25-cc6a-40d5-9fab-db8d91e26277): ты как поставил
[10:19:49] Stxywxthme (6ce0cde9-8c92-4c66-96ad-6bffb9dfc01b): тамнет привата
[10:19:52] ProCto_DS (d3139add-473e-468f-9582-8b46bb0e237c): )
[10:20:00] ProCto_DS (d3139add-473e-468f-9582-8b46bb0e237c): Можно у вас в тиме?)
[10:20:05] Apt_bolka (99791d25-cc6a-40d5-9fab-db8d91e26277): А норм
[10:20:13] Apt_bolka (99791d25-cc6a-40d5-9fab-db8d91e26277): повер ты приват поставь
[10:20:33] Apt_bolka (99791d25-cc6a-40d5-9fab-db8d91e26277): или стоп
[10:20:41] Apt_bolka (99791d25-cc6a-40d5-9fab-db8d91e26277): как ты впривате что то делаешь
[10:20:50] ProCto_DS (d3139add-473e-468f-9582-8b46bb0e237c): Ну у меня опка
[10:20:52] ProCto_DS (d3139add-473e-468f-9582-8b46bb0e237c): :)
[10:20:55] Apt_bolka (99791d25-cc6a-40d5-9fab-db8d91e26277): пиздешь
[10:20:56] Stxywxthme (6ce0cde9-8c92-4c66-96ad-6bffb9dfc01b): dct
[10:20:59] Stxywxthme (6ce0cde9-8c92-4c66-96ad-6bffb9dfc01b): заприватил
[10:21:01] ProCto_DS (d3139add-473e-468f-9582-8b46bb0e237c): хехе, шучу)
[10:21:01] Apt_bolka (99791d25-cc6a-40d5-9fab-db8d91e26277): а
[10:21:06] Apt_bolka (99791d25-cc6a-40d5-9fab-db8d91e26277): фух
[10:21:07] ProCto_DS (d3139add-473e-468f-9582-8b46bb0e237c): Ироды
[10:21:14] Stxywxthme (6ce0cde9-8c92-4c66-96ad-6bffb9dfc01b): ну имба
[10:21:14] ProCto_DS (d3139add-473e-468f-9582-8b46bb0e237c): Ща на ключ посажу)
[10:21:19] Apt_bolka (99791d25-cc6a-40d5-9fab-db8d91e26277): ты у нас 1 мех спиздил или мне кажется
[10:21:23] ProCto_DS (d3139add-473e-468f-9582-8b46bb0e237c): неа
[10:21:24] Stxywxthme (6ce0cde9-8c92-4c66-96ad-6bffb9dfc01b): не
[10:21:26] ProCto_DS (d3139add-473e-468f-9582-8b46bb0e237c): я честный
[10:21:45] Stxywxthme (6ce0cde9-8c92-4c66-96ad-6bffb9dfc01b): ботанию тоже
[10:21:46] Apt_bolka (99791d25-cc6a-40d5-9fab-db8d91e26277): повер
[10:21:48] Apt_bolka (99791d25-cc6a-40d5-9fab-db8d91e26277): на
[10:22:01] ProCto_DS (d3139add-473e-468f-9582-8b46bb0e237c): с вами в тиме незя?)
[10:22:07] Stxywxthme (6ce0cde9-8c92-4c66-96ad-6bffb9dfc01b): не
[10:22:12] ProCto_DS (d3139add-473e-468f-9582-8b46bb0e237c): Жаль
[10:22:13] Apt_bolka (99791d25-cc6a-40d5-9fab-db8d91e26277): Не)(
[10:22:15] Apt_bolka (99791d25-cc6a-40d5-9fab-db8d91e26277): Не)*
[10:22:17] ProCto_DS (d3139add-473e-468f-9582-8b46bb0e237c): Не хотите бога в тиме)
[10:22:23] Stxywxthme (6ce0cde9-8c92-4c66-96ad-6bffb9dfc01b): какой бог
[10:22:31] ProCto_DS (d3139add-473e-468f-9582-8b46bb0e237c): ну яж почти непробиваем
[10:22:43] ProCto_DS (d3139add-473e-468f-9582-8b46bb0e237c): ост ток
[10:22:46] Apt_bolka (99791d25-cc6a-40d5-9fab-db8d91e26277): Открой сундук
[10:22:48] ProCto_DS (d3139add-473e-468f-9582-8b46bb0e237c): Меч беск и хаос дракона позырить)
[10:22:52] Stxywxthme (6ce0cde9-8c92-4c66-96ad-6bffb9dfc01b): оо
[10:22:54] Stxywxthme (6ce0cde9-8c92-4c66-96ad-6bffb9dfc01b): мне?
[10:22:57] Apt_bolka (99791d25-cc6a-40d5-9fab-db8d91e26277): да да)
[10:23:02] Apt_bolka (99791d25-cc6a-40d5-9fab-db8d91e26277): одевайся
[10:23:08] Apt_bolka (99791d25-cc6a-40d5-9fab-db8d91e26277): во красавец
[10:23:15] ProCto_DS (d3139add-473e-468f-9582-8b46bb0e237c): ты заебал
[10:23:17] ProCto_DS (d3139add-473e-468f-9582-8b46bb0e237c): 0 урона
[10:23:24] Apt_bolka (99791d25-cc6a-40d5-9fab-db8d91e26277): еба бедварс
[10:23:37] ProCto_DS (d3139add-473e-468f-9582-8b46bb0e237c): Сюда иди)
[10:23:46] [CAPS] Apt_bolka (99791d25-cc6a-40d5-9fab-db8d91e26277): хахаха
[10:23:47] Apt_bolka (99791d25-cc6a-40d5-9fab-db8d91e26277): бедварс
[10:23:50] Apt_bolka (99791d25-cc6a-40d5-9fab-db8d91e26277): на минималках
[10:23:58] ProCto_DS (d3139add-473e-468f-9582-8b46bb0e237c): у те энерги
[10:24:03] ProCto_DS (d3139add-473e-468f-9582-8b46bb0e237c): А у меня поддержка богов_
[10:24:04] Stxywxthme (6ce0cde9-8c92-4c66-96ad-6bffb9dfc01b): кстати
[10:24:07] ProCto_DS (d3139add-473e-468f-9582-8b46bb0e237c): Вот и сравнивай)
[10:24:08] Stxywxthme (6ce0cde9-8c92-4c66-96ad-6bffb9dfc01b): броня ломается
[10:24:13] Apt_bolka (99791d25-cc6a-40d5-9fab-db8d91e26277): разве?
[10:24:15] Stxywxthme (6ce0cde9-8c92-4c66-96ad-6bffb9dfc01b): да
[10:24:19] ProCto_DS (d3139add-473e-468f-9582-8b46bb0e237c): Лан я пошешл
[10:24:19] Apt_bolka (99791d25-cc6a-40d5-9fab-db8d91e26277): она же на энергии
[10:24:25] Stxywxthme (6ce0cde9-8c92-4c66-96ad-6bffb9dfc01b): смотри
[10:24:29] ProCto_DS (d3139add-473e-468f-9582-8b46bb0e237c): Дайка меч)
[10:25:24] ProCto_DS (d3139add-473e-468f-9582-8b46bb0e237c): Те твой меч из тинкера терь нужене?)
[10:25:32] ProCto_DS (d3139add-473e-468f-9582-8b46bb0e237c): повер
[10:25:39] Stxywxthme (6ce0cde9-8c92-4c66-96ad-6bffb9dfc01b): нужен
[10:25:40] Apt_bolka (99791d25-cc6a-40d5-9fab-db8d91e26277): а
[10:25:42] Apt_bolka (99791d25-cc6a-40d5-9fab-db8d91e26277): ProCto_DS
[10:25:46] ProCto_DS (d3139add-473e-468f-9582-8b46bb0e237c): ?
[10:25:54] Apt_bolka (99791d25-cc6a-40d5-9fab-db8d91e26277): на мне прост с лут бокса выпал
[10:26:05] Stxywxthme (6ce0cde9-8c92-4c66-96ad-6bffb9dfc01b): крч
[10:26:10] Stxywxthme (6ce0cde9-8c92-4c66-96ad-6bffb9dfc01b): сломайте броню
[10:26:15] ProCto_DS (d3139add-473e-468f-9582-8b46bb0e237c): ччаго
[10:26:17] ProCto_DS (d3139add-473e-468f-9582-8b46bb0e237c): твою?)
[10:26:19] Stxywxthme (6ce0cde9-8c92-4c66-96ad-6bffb9dfc01b): да
[10:26:22] ProCto_DS (d3139add-473e-468f-9582-8b46bb0e237c): Дай свой меч
[10:26:25] ProCto_DS (d3139add-473e-468f-9582-8b46bb0e237c): из тинкера)ц
[10:26:33] ProCto_DS (d3139add-473e-468f-9582-8b46bb0e237c): из тинкера)ц
[10:26:34] ProCto_DS (d3139add-473e-468f-9582-8b46bb0e237c): Дай свой меч
[10:26:38] Stxywxthme (6ce0cde9-8c92-4c66-96ad-6bffb9dfc01b): у меня нет
[10:26:41] ProCto_DS (d3139add-473e-468f-9582-8b46bb0e237c): у кого
[10:26:42] ProCto_DS (d3139add-473e-468f-9582-8b46bb0e237c): болка
[10:26:43] ProCto_DS (d3139add-473e-468f-9582-8b46bb0e237c): дай меч
[10:26:47] ProCto_DS (d3139add-473e-468f-9582-8b46bb0e237c): его из тинкера
[10:26:48] _reflexed (a4982e19-bdcc-40a7-a685-78ee1c50ad23): Мне бы тиммейта :D
[10:26:49] Stxywxthme (6ce0cde9-8c92-4c66-96ad-6bffb9dfc01b): за приват выдем
[10:27:07] Apt_bolka (99791d25-cc6a-40d5-9fab-db8d91e26277): меч дай
[10:27:08] Apt_bolka (99791d25-cc6a-40d5-9fab-db8d91e26277): мой
[10:28:20] ProCto_DS (d3139add-473e-468f-9582-8b46bb0e237c): Меч сломался
[10:28:21] Stxywxthme (6ce0cde9-8c92-4c66-96ad-6bffb9dfc01b): еще
[10:28:21] ProCto_DS (d3139add-473e-468f-9582-8b46bb0e237c): пп
[10:28:22] Apt_bolka (99791d25-cc6a-40d5-9fab-db8d91e26277): Она не ломается
[10:28:33] Stxywxthme (6ce0cde9-8c92-4c66-96ad-6bffb9dfc01b): булка
[10:28:34] Apt_bolka (99791d25-cc6a-40d5-9fab-db8d91e26277): онаж на энергии
[10:28:36] Stxywxthme (6ce0cde9-8c92-4c66-96ad-6bffb9dfc01b): надень
[10:28:41] Apt_bolka (99791d25-cc6a-40d5-9fab-db8d91e26277): кого?
[10:28:42] Stxywxthme (6ce0cde9-8c92-4c66-96ad-6bffb9dfc01b): бронт
[10:28:45] Stxywxthme (6ce0cde9-8c92-4c66-96ad-6bffb9dfc01b): на
[10:28:47] Stxywxthme (6ce0cde9-8c92-4c66-96ad-6bffb9dfc01b): мою
[10:28:54] Apt_bolka (99791d25-cc6a-40d5-9fab-db8d91e26277): смысле
[10:28:59] Stxywxthme (6ce0cde9-8c92-4c66-96ad-6bffb9dfc01b): мою бпр
[10:29:08] Stxywxthme (6ce0cde9-8c92-4c66-96ad-6bffb9dfc01b): дк меч
[10:29:11] Apt_bolka (99791d25-cc6a-40d5-9fab-db8d91e26277): ну
[10:29:14] ProCto_DS (d3139add-473e-468f-9582-8b46bb0e237c): где?
[10:29:15] Stxywxthme (6ce0cde9-8c92-4c66-96ad-6bffb9dfc01b): дай
[10:29:17] Apt_bolka (99791d25-cc6a-40d5-9fab-db8d91e26277): Это энергия
[10:29:21] Stxywxthme (6ce0cde9-8c92-4c66-96ad-6bffb9dfc01b): меч
[10:29:22] Stxywxthme (6ce0cde9-8c92-4c66-96ad-6bffb9dfc01b): дай
[10:29:26] Apt_bolka (99791d25-cc6a-40d5-9fab-db8d91e26277): а не прочность
[10:29:35] ProCto_DS (d3139add-473e-468f-9582-8b46bb0e237c): та бл
[10:29:35] Stxywxthme (6ce0cde9-8c92-4c66-96ad-6bffb9dfc01b): надень
[10:29:39] ProCto_DS (d3139add-473e-468f-9582-8b46bb0e237c): Нах пинаете)
[10:29:44] ProCto_DS (d3139add-473e-468f-9582-8b46bb0e237c): Повер
[10:29:49] ProCto_DS (d3139add-473e-468f-9582-8b46bb0e237c): Дашь свой меч из тинкера?
[10:30:20] Apt_bolka (99791d25-cc6a-40d5-9fab-db8d91e26277): я год забыл выключить)
[10:30:25] ProCto_DS (d3139add-473e-468f-9582-8b46bb0e237c): Блят
[10:30:30] Apt_bolka (99791d25-cc6a-40d5-9fab-db8d91e26277): Она не ломается
[10:30:32] Apt_bolka (99791d25-cc6a-40d5-9fab-db8d91e26277): а садится
[10:30:34] ProCto_DS (d3139add-473e-468f-9582-8b46bb0e237c): вы бл
[10:30:44] [CAPS] ProCto_DS (d3139add-473e-468f-9582-8b46bb0e237c): вы бля серьезно ломаете броню которая на энергии?
[10:30:59] _reflexed (a4982e19-bdcc-40a7-a685-78ee1c50ad23): Как так
[10:31:02] Apt_bolka (99791d25-cc6a-40d5-9fab-db8d91e26277): Еврей блять
[10:31:06] ProCto_DS (d3139add-473e-468f-9582-8b46bb0e237c): АХахах
[10:31:09] ProCto_DS (d3139add-473e-468f-9582-8b46bb0e237c): Закопали
[10:31:10] ProCto_DS (d3139add-473e-468f-9582-8b46bb0e237c): блять
[10:31:14] ProCto_DS (d3139add-473e-468f-9582-8b46bb0e237c): Ахахах
[10:31:17] Apt_bolka (99791d25-cc6a-40d5-9fab-db8d91e26277): конч
[10:31:20] ProCto_DS (d3139add-473e-468f-9582-8b46bb0e237c): бл
[10:31:21] ProCto_DS (d3139add-473e-468f-9582-8b46bb0e237c): сорри
[10:31:28] ProCto_DS (d3139add-473e-468f-9582-8b46bb0e237c): Сниму как этот предмет
[10:31:30] ProCto_DS (d3139add-473e-468f-9582-8b46bb0e237c): всё
[10:31:34] ProCto_DS (d3139add-473e-468f-9582-8b46bb0e237c): я больше не метеорит
[10:31:48] Apt_bolka (99791d25-cc6a-40d5-9fab-db8d91e26277): забери
[10:31:59] Apt_bolka (99791d25-cc6a-40d5-9fab-db8d91e26277): Ебашь
[10:32:00] ProCto_DS (d3139add-473e-468f-9582-8b46bb0e237c): мнеб норм меч
[10:32:16] ProCto_DS (d3139add-473e-468f-9582-8b46bb0e237c): Ща как
[10:32:19] ProCto_DS (d3139add-473e-468f-9582-8b46bb0e237c): Повер отойди ка
[10:35:25] ProCto_DS (d3139add-473e-468f-9582-8b46bb0e237c): повер выйди из ямы)
[10:35:47] ProCto_DS (d3139add-473e-468f-9582-8b46bb0e237c): Пинай тоже
[10:35:53] Apt_bolka (99791d25-cc6a-40d5-9fab-db8d91e26277): ммм бедварс
[10:36:09] Apt_bolka (99791d25-cc6a-40d5-9fab-db8d91e26277): вам ещё 200 милионов Садить энергиии
[10:36:46] Apt_bolka (99791d25-cc6a-40d5-9fab-db8d91e26277): 200умножить на 4 удара= 800 милионов ударов
[10:36:54] Apt_bolka (99791d25-cc6a-40d5-9fab-db8d91e26277): вам норм?
[10:37:02] Apt_bolka (99791d25-cc6a-40d5-9fab-db8d91e26277): 800 милионов ударов
[10:37:05] [CAPS] Apt_bolka (99791d25-cc6a-40d5-9fab-db8d91e26277): хахаха
[10:37:07] ProCto_DS (d3139add-473e-468f-9582-8b46bb0e237c): блять
[10:37:09] ProCto_DS (d3139add-473e-468f-9582-8b46bb0e237c): Ну нахуя
[10:37:24] Apt_bolka (99791d25-cc6a-40d5-9fab-db8d91e26277): а что мы вопше проверяем?
[10:37:31] ProCto_DS (d3139add-473e-468f-9582-8b46bb0e237c): блять
[10:37:33] Apt_bolka (99791d25-cc6a-40d5-9fab-db8d91e26277): я же сказал броня не ломается
[10:37:52] Apt_bolka (99791d25-cc6a-40d5-9fab-db8d91e26277): да блять
[10:37:57] ProCto_DS (d3139add-473e-468f-9582-8b46bb0e237c): я дрочу на те
[10:38:16] Apt_bolka (99791d25-cc6a-40d5-9fab-db8d91e26277): ммм гей порно
[10:38:53] Stxywxthme (6ce0cde9-8c92-4c66-96ad-6bffb9dfc01b): я ща
[10:38:55] Apt_bolka (99791d25-cc6a-40d5-9fab-db8d91e26277): я отойду
[10:40:21] Apt_bolka (99791d25-cc6a-40d5-9fab-db8d91e26277): я тут
[10:40:34] Apt_bolka (99791d25-cc6a-40d5-9fab-db8d91e26277): может уже играть будем)?
[10:40:58] Apt_bolka (99791d25-cc6a-40d5-9fab-db8d91e26277): меч мой дай
[10:41:10] Apt_bolka (99791d25-cc6a-40d5-9fab-db8d91e26277): меч улетел
[10:41:19] Stxywxthme (6ce0cde9-8c92-4c66-96ad-6bffb9dfc01b): мм
[10:41:32] Apt_bolka (99791d25-cc6a-40d5-9fab-db8d91e26277): такс
[10:44:06] Apt_bolka (99791d25-cc6a-40d5-9fab-db8d91e26277): надо карбер к мэ подсоеденить
[10:44:11] Apt_bolka (99791d25-cc6a-40d5-9fab-db8d91e26277): Карьер*
[10:44:59] Apt_bolka (99791d25-cc6a-40d5-9fab-db8d91e26277): забьётся
[10:45:18] Stxywxthme (6ce0cde9-8c92-4c66-96ad-6bffb9dfc01b): ящики?
[10:45:28] Apt_bolka (99791d25-cc6a-40d5-9fab-db8d91e26277): может просто к мэ подключить?
[10:45:31] Apt_bolka (99791d25-cc6a-40d5-9fab-db8d91e26277): шина импорта
[10:45:56] _reflexed (a4982e19-bdcc-40a7-a685-78ee1c50ad23): Кому то нужны осколки промыш. иридия?
[10:46:36] gluck97 (6e22b281-f6f7-4195-adf6-e456b6680156): у меня есть тимм
[10:46:46] Stxywxthme (6ce0cde9-8c92-4c66-96ad-6bffb9dfc01b): надо бы отсортировать
[10:47:00] Apt_bolka (99791d25-cc6a-40d5-9fab-db8d91e26277): пока что норм)
[10:47:46] Stxywxthme (6ce0cde9-8c92-4c66-96ad-6bffb9dfc01b): тогда подключаю
[10:47:53] Apt_bolka (99791d25-cc6a-40d5-9fab-db8d91e26277): мгм
[10:48:39] Apt_bolka (99791d25-cc6a-40d5-9fab-db8d91e26277): добавь в рг
[10:48:46] Apt_bolka (99791d25-cc6a-40d5-9fab-db8d91e26277): я тут делать нечего не могу
[10:48:51] Stxywxthme (6ce0cde9-8c92-4c66-96ad-6bffb9dfc01b): ща перепривачу
[10:48:56] Apt_bolka (99791d25-cc6a-40d5-9fab-db8d91e26277): ок
[10:48:59] Stxywxthme (6ce0cde9-8c92-4c66-96ad-6bffb9dfc01b): тут же у тебя нет привата?
[10:49:07] Apt_bolka (99791d25-cc6a-40d5-9fab-db8d91e26277): есть
[10:49:11] Stxywxthme (6ce0cde9-8c92-4c66-96ad-6bffb9dfc01b): какой где
[10:49:23] Apt_bolka (99791d25-cc6a-40d5-9fab-db8d91e26277): мог бы узнать..
[10:49:25] _reflexed (a4982e19-bdcc-40a7-a685-78ee1c50ad23): Ребят
[10:49:27] Apt_bolka (99791d25-cc6a-40d5-9fab-db8d91e26277): но команда не доступна
[10:49:29] Apt_bolka (99791d25-cc6a-40d5-9fab-db8d91e26277): ?
[10:49:32] gluck97 (6e22b281-f6f7-4195-adf6-e456b6680156): !
[10:49:32] Stxywxthme (6ce0cde9-8c92-4c66-96ad-6bffb9dfc01b): напиши rg list
[10:49:33] _reflexed (a4982e19-bdcc-40a7-a685-78ee1c50ad23): Кто то может сделать простой завод сплавов?
[10:49:36] _reflexed (a4982e19-bdcc-40a7-a685-78ee1c50ad23): Мне очень надо
[10:49:57] Stxywxthme (6ce0cde9-8c92-4c66-96ad-6bffb9dfc01b): что там написано
[10:50:06] Apt_bolka (99791d25-cc6a-40d5-9fab-db8d91e26277): ну подождёшь?
[10:50:14] _reflexed (a4982e19-bdcc-40a7-a685-78ee1c50ad23): ок
[10:50:19] Stxywxthme (6ce0cde9-8c92-4c66-96ad-6bffb9dfc01b): болка
[10:50:30] Stxywxthme (6ce0cde9-8c92-4c66-96ad-6bffb9dfc01b): напиши rg list
[10:50:41] Stxywxthme (6ce0cde9-8c92-4c66-96ad-6bffb9dfc01b): там чтото есть?
[10:50:56] Apt_bolka (99791d25-cc6a-40d5-9fab-db8d91e26277): 9. -stxywxthme
[10:51:05] Stxywxthme (6ce0cde9-8c92-4c66-96ad-6bffb9dfc01b): ну так это мембер
[10:51:08] Stxywxthme (6ce0cde9-8c92-4c66-96ad-6bffb9dfc01b): тогда все ок
[10:51:16] Stxywxthme (6ce0cde9-8c92-4c66-96ad-6bffb9dfc01b): я заново перепривачу
[10:51:19] Apt_bolka (99791d25-cc6a-40d5-9fab-db8d91e26277): ок
[10:51:38] Apt_bolka (99791d25-cc6a-40d5-9fab-db8d91e26277): Может го я у меня же прост донат
[10:51:55] Stxywxthme (6ce0cde9-8c92-4c66-96ad-6bffb9dfc01b): ?
[10:52:05] Apt_bolka (99791d25-cc6a-40d5-9fab-db8d91e26277): ну го я запривачу
[10:52:09] Apt_bolka (99791d25-cc6a-40d5-9fab-db8d91e26277): я могу дахрена приватить
[10:52:11] Stxywxthme (6ce0cde9-8c92-4c66-96ad-6bffb9dfc01b): давай
[10:52:12] Apt_bolka (99791d25-cc6a-40d5-9fab-db8d91e26277): из-за доната
[10:52:19] Apt_bolka (99791d25-cc6a-40d5-9fab-db8d91e26277): удали тогда рг
[10:52:20] Stxywxthme (6ce0cde9-8c92-4c66-96ad-6bffb9dfc01b): прям всю базу
[10:52:26] Stxywxthme (6ce0cde9-8c92-4c66-96ad-6bffb9dfc01b): все
[10:52:37] Stxywxthme (6ce0cde9-8c92-4c66-96ad-6bffb9dfc01b): тут приват по вертикали
[10:53:27] Apt_bolka (99791d25-cc6a-40d5-9fab-db8d91e26277): ммм
[10:53:44] Apt_bolka (99791d25-cc6a-40d5-9fab-db8d91e26277): не могу много
[10:54:55] Apt_bolka (99791d25-cc6a-40d5-9fab-db8d91e26277): могу ток 262144
[10:56:08] Apt_bolka (99791d25-cc6a-40d5-9fab-db8d91e26277): я сделал 3 привата
[10:56:21] Apt_bolka (99791d25-cc6a-40d5-9fab-db8d91e26277): Можешь сказать какие не запривачены
[10:59:20] Apt_bolka (99791d25-cc6a-40d5-9fab-db8d91e26277): я заприватил
[10:59:23] Stxywxthme (6ce0cde9-8c92-4c66-96ad-6bffb9dfc01b): и
[10:59:23] Apt_bolka (99791d25-cc6a-40d5-9fab-db8d91e26277): 4 привата сделал
[10:59:26] Stxywxthme (6ce0cde9-8c92-4c66-96ad-6bffb9dfc01b): норм
[10:59:40] Stxywxthme (6ce0cde9-8c92-4c66-96ad-6bffb9dfc01b): я бы тоже 4 сделал
[10:59:49] Apt_bolka (99791d25-cc6a-40d5-9fab-db8d91e26277): ну могу ещё несколько
[10:59:49] Stxywxthme (6ce0cde9-8c92-4c66-96ad-6bffb9dfc01b): по 4 чанка
[11:00:07] Apt_bolka (99791d25-cc6a-40d5-9fab-db8d91e26277): я могу 30 приватов сделать по 2 чанка
[11:00:09] Stxywxthme (6ce0cde9-8c92-4c66-96ad-6bffb9dfc01b): поставим алтарь
[11:00:15] Apt_bolka (99791d25-cc6a-40d5-9fab-db8d91e26277): давай
[11:08:18] Stxywxthme (6ce0cde9-8c92-4c66-96ad-6bffb9dfc01b): ммм
[11:08:22] Stxywxthme (6ce0cde9-8c92-4c66-96ad-6bffb9dfc01b): болка
[11:08:29] Apt_bolka (99791d25-cc6a-40d5-9fab-db8d91e26277): ?
[11:08:30] Stxywxthme (6ce0cde9-8c92-4c66-96ad-6bffb9dfc01b): сюда
[11:08:37] Apt_bolka (99791d25-cc6a-40d5-9fab-db8d91e26277): вау
[11:08:53] Apt_bolka (99791d25-cc6a-40d5-9fab-db8d91e26277): не успевает забиратся
[11:09:00] Apt_bolka (99791d25-cc6a-40d5-9fab-db8d91e26277): надо шиной подключать
[11:09:04] Stxywxthme (6ce0cde9-8c92-4c66-96ad-6bffb9dfc01b): да
[11:09:37] Apt_bolka (99791d25-cc6a-40d5-9fab-db8d91e26277): сори не скоро я тебе сделаю завод _reflexed
[11:09:44] _reflexed (a4982e19-bdcc-40a7-a685-78ee1c50ad23): стой
[11:09:57] _reflexed (a4982e19-bdcc-40a7-a685-78ee1c50ad23): Сможешь сделать порошковое покрытие?
[11:10:08] _reflexed (a4982e19-bdcc-40a7-a685-78ee1c50ad23): для простого механизма
[11:10:13] Apt_bolka (99791d25-cc6a-40d5-9fab-db8d91e26277): хм
[11:10:16] Stxywxthme (6ce0cde9-8c92-4c66-96ad-6bffb9dfc01b): лучше так
[11:10:52] Apt_bolka (99791d25-cc6a-40d5-9fab-db8d91e26277): нечего нету в мэ из того чтоб сделать
[11:10:52] Stxywxthme (6ce0cde9-8c92-4c66-96ad-6bffb9dfc01b): вот так
[11:11:02] Apt_bolka (99791d25-cc6a-40d5-9fab-db8d91e26277): а теперь ускорь
[11:11:21] Apt_bolka (99791d25-cc6a-40d5-9fab-db8d91e26277): ну всё равно не успевает
[11:11:27] Stxywxthme (6ce0cde9-8c92-4c66-96ad-6bffb9dfc01b): лучше чем было
[11:11:32] Apt_bolka (99791d25-cc6a-40d5-9fab-db8d91e26277): ну +-
[11:11:49] Apt_bolka (99791d25-cc6a-40d5-9fab-db8d91e26277): ну главное что руда копится
[11:12:08] Stxywxthme (6ce0cde9-8c92-4c66-96ad-6bffb9dfc01b): 97 древний обломок
[11:12:26] Apt_bolka (99791d25-cc6a-40d5-9fab-db8d91e26277): Провода из индастрела нужны
[11:13:07] Stxywxthme (6ce0cde9-8c92-4c66-96ad-6bffb9dfc01b): ну имба
[11:13:31] Apt_bolka (99791d25-cc6a-40d5-9fab-db8d91e26277): Можешь сделать Провода медные
[11:13:56] _reflexed (a4982e19-bdcc-40a7-a685-78ee1c50ad23): ясно
[11:17:58] _reflexed (a4982e19-bdcc-40a7-a685-78ee1c50ad23): А редстоун печь сможешь сделать или нет?
[11:18:09] Apt_bolka (99791d25-cc6a-40d5-9fab-db8d91e26277): да
[11:18:11] Apt_bolka (99791d25-cc6a-40d5-9fab-db8d91e26277): тп
[11:18:39] Apt_bolka (99791d25-cc6a-40d5-9fab-db8d91e26277): повер
[11:18:42] Stxywxthme (6ce0cde9-8c92-4c66-96ad-6bffb9dfc01b): ?
[11:18:45] Apt_bolka (99791d25-cc6a-40d5-9fab-db8d91e26277): не у тя печь
[11:18:55] Stxywxthme (6ce0cde9-8c92-4c66-96ad-6bffb9dfc01b): не
[11:19:03] _reflexed (a4982e19-bdcc-40a7-a685-78ee1c50ad23): спс
[11:19:39] Apt_bolka (99791d25-cc6a-40d5-9fab-db8d91e26277): всё
[11:22:40] Stxywxthme (6ce0cde9-8c92-4c66-96ad-6bffb9dfc01b): а нагреватель не давали?
[11:22:44] Apt_bolka (99791d25-cc6a-40d5-9fab-db8d91e26277): неа
[11:22:49] Stxywxthme (6ce0cde9-8c92-4c66-96ad-6bffb9dfc01b): ммм3
[11:25:44] Stxywxthme (6ce0cde9-8c92-4c66-96ad-6bffb9dfc01b): первый небесный кристал
[11:25:54] Stxywxthme (6ce0cde9-8c92-4c66-96ad-6bffb9dfc01b): первый небесный кристал
[11:26:01] _reflexed (a4982e19-bdcc-40a7-a685-78ee1c50ad23): У меня он есть
[11:26:05] Apt_bolka (99791d25-cc6a-40d5-9fab-db8d91e26277): Круто
[11:35:38] Apt_bolka (99791d25-cc6a-40d5-9fab-db8d91e26277): есть 1 red alloy?
[11:35:45] _reflexed (a4982e19-bdcc-40a7-a685-78ee1c50ad23): Из какого мода?
[11:35:47] Apt_bolka (99791d25-cc6a-40d5-9fab-db8d91e26277): Слиток красного сплава
[11:35:52] Apt_bolka (99791d25-cc6a-40d5-9fab-db8d91e26277): из эндер ио
[11:35:56] _reflexed (a4982e19-bdcc-40a7-a685-78ee1c50ad23): есть
[11:36:01] Apt_bolka (99791d25-cc6a-40d5-9fab-db8d91e26277): Можешь дать?
[11:36:07] _reflexed (a4982e19-bdcc-40a7-a685-78ee1c50ad23): Да
[11:36:10] _reflexed (a4982e19-bdcc-40a7-a685-78ee1c50ad23): тп
[11:36:10] Stxywxthme (6ce0cde9-8c92-4c66-96ad-6bffb9dfc01b): болка
[11:36:17] Apt_bolka (99791d25-cc6a-40d5-9fab-db8d91e26277): ?
[11:36:20] Stxywxthme (6ce0cde9-8c92-4c66-96ad-6bffb9dfc01b): хочешь привязяться к созвездию?
[11:36:22] Apt_bolka (99791d25-cc6a-40d5-9fab-db8d91e26277): Спасиб
[11:36:31] Apt_bolka (99791d25-cc6a-40d5-9fab-db8d91e26277): д го
[11:36:36] Stxywxthme (6ce0cde9-8c92-4c66-96ad-6bffb9dfc01b): иди сюда
[11:36:51] Stxywxthme (6ce0cde9-8c92-4c66-96ad-6bffb9dfc01b): сюда
[11:37:10] Apt_bolka (99791d25-cc6a-40d5-9fab-db8d91e26277): и?
[11:37:19] Stxywxthme (6ce0cde9-8c92-4c66-96ad-6bffb9dfc01b): ачивки
[11:37:30] Stxywxthme (6ce0cde9-8c92-4c66-96ad-6bffb9dfc01b): на
[11:37:32] Apt_bolka (99791d25-cc6a-40d5-9fab-db8d91e26277): какие
[11:37:46] Apt_bolka (99791d25-cc6a-40d5-9fab-db8d91e26277): и что делать?
[11:37:53] Apt_bolka (99791d25-cc6a-40d5-9fab-db8d91e26277): ма салама?
[11:38:54] Apt_bolka (99791d25-cc6a-40d5-9fab-db8d91e26277): Может у меня изучений не достаточно
[11:39:00] Stxywxthme (6ce0cde9-8c92-4c66-96ad-6bffb9dfc01b): +
[11:43:26] Apt_bolka (99791d25-cc6a-40d5-9fab-db8d91e26277): Есть ещё один слиток _reflexed
[11:43:35] _reflexed (a4982e19-bdcc-40a7-a685-78ee1c50ad23): Сплава?
[11:43:40] Apt_bolka (99791d25-cc6a-40d5-9fab-db8d91e26277): да
[11:43:42] _reflexed (a4982e19-bdcc-40a7-a685-78ee1c50ad23): есть
[11:43:52] _reflexed (a4982e19-bdcc-40a7-a685-78ee1c50ad23): Все
[11:44:05] Apt_bolka (99791d25-cc6a-40d5-9fab-db8d91e26277): спасибки
[11:44:16] _reflexed (a4982e19-bdcc-40a7-a685-78ee1c50ad23): Ура
[11:45:39] Apt_bolka (99791d25-cc6a-40d5-9fab-db8d91e26277): пхпхп
[11:46:18] _reflexed (a4982e19-bdcc-40a7-a685-78ee1c50ad23): Всё
[11:48:38] Stxywxthme (6ce0cde9-8c92-4c66-96ad-6bffb9dfc01b): болка
[11:48:42] Stxywxthme (6ce0cde9-8c92-4c66-96ad-6bffb9dfc01b): Болка
[11:48:47] Stxywxthme (6ce0cde9-8c92-4c66-96ad-6bffb9dfc01b): мой журнал знаний
[11:48:56] Stxywxthme (6ce0cde9-8c92-4c66-96ad-6bffb9dfc01b): а все
[11:49:30] _reflexed (a4982e19-bdcc-40a7-a685-78ee1c50ad23): + кристалл энда
[11:49:55] _reflexed (a4982e19-bdcc-40a7-a685-78ee1c50ad23): Я отдохнуть пошел кароч
[11:50:00] Apt_bolka (99791d25-cc6a-40d5-9fab-db8d91e26277): ок
[11:54:48] Apt_bolka (99791d25-cc6a-40d5-9fab-db8d91e26277): да
[11:54:52] Stxywxthme (6ce0cde9-8c92-4c66-96ad-6bffb9dfc01b): lf
[11:54:59] Apt_bolka (99791d25-cc6a-40d5-9fab-db8d91e26277): Yes
[11:55:29] Stxywxthme (6ce0cde9-8c92-4c66-96ad-6bffb9dfc01b): жесть я набираю уровни
[11:56:05] Apt_bolka (99791d25-cc6a-40d5-9fab-db8d91e26277): ура ура ура
[11:57:33] Stxywxthme (6ce0cde9-8c92-4c66-96ad-6bffb9dfc01b): а нет
[11:57:38] Stxywxthme (6ce0cde9-8c92-4c66-96ad-6bffb9dfc01b): я выхожу
[11:57:45] Apt_bolka (99791d25-cc6a-40d5-9fab-db8d91e26277): Пока
[12:39:11] gluck97 (6e22b281-f6f7-4195-adf6-e456b6680156): в
[12:39:13] gluck97 (6e22b281-f6f7-4195-adf6-e456b6680156): во
[12:39:20] FetykArt (acd6896e-f945-4c63-802a-ca96eaeeb2f0): харош
[12:39:29] gluck97 (6e22b281-f6f7-4195-adf6-e456b6680156): а сыкотна туда ити
[12:40:25] FetykArt (acd6896e-f945-4c63-802a-ca96eaeeb2f0): ой
[12:40:28] FetykArt (acd6896e-f945-4c63-802a-ca96eaeeb2f0): ну ладн
[12:40:30] gluck97 (6e22b281-f6f7-4195-adf6-e456b6680156): тут не видел в крафтах шкафи для ресов ?
[12:40:43] FetykArt (acd6896e-f945-4c63-802a-ca96eaeeb2f0): нет?
[12:40:47] FetykArt (acd6896e-f945-4c63-802a-ca96eaeeb2f0): мэ
[12:41:00] gluck97 (6e22b281-f6f7-4195-adf6-e456b6680156): ой до мэ как до луны
[12:41:36] FetykArt (acd6896e-f945-4c63-802a-ca96eaeeb2f0): тут strage drawers есть
[12:41:42] FetykArt (acd6896e-f945-4c63-802a-ca96eaeeb2f0): storage*
[12:44:45] gluck97 (6e22b281-f6f7-4195-adf6-e456b6680156): вот
[12:44:51] gluck97 (6e22b281-f6f7-4195-adf6-e456b6680156): квадракоптеры
[12:45:10] FetykArt (acd6896e-f945-4c63-802a-ca96eaeeb2f0): ._.ж
[12:45:24] FetykArt (acd6896e-f945-4c63-802a-ca96eaeeb2f0): астоловиста
[12:53:31] gluck97 (6e22b281-f6f7-4195-adf6-e456b6680156): он сильный
[12:53:36] gluck97 (6e22b281-f6f7-4195-adf6-e456b6680156): лучник
[12:53:45] FetykArt (acd6896e-f945-4c63-802a-ca96eaeeb2f0): дай блоки
[12:54:42] FetykArt (acd6896e-f945-4c63-802a-ca96eaeeb2f0): я сетхом поставлю тут.
[12:54:47] FetykArt (acd6896e-f945-4c63-802a-ca96eaeeb2f0): у тебя есть там?
[12:54:50] gluck97 (6e22b281-f6f7-4195-adf6-e456b6680156): да
[12:55:09] VladDoor (f83aa885-2487-4295-b366-193cd21d8701): зачем
[12:55:11] FetykArt (acd6896e-f945-4c63-802a-ca96eaeeb2f0): '[
[12:55:13] FetykArt (acd6896e-f945-4c63-802a-ca96eaeeb2f0): '[
[12:55:19] FetykArt (acd6896e-f945-4c63-802a-ca96eaeeb2f0): эх, ток печенье
[12:55:24] VladDoor (f83aa885-2487-4295-b366-193cd21d8701): тут ничего нету
[12:55:26] gluck97 (6e22b281-f6f7-4195-adf6-e456b6680156): иди сюда
[12:55:50] gluck97 (6e22b281-f6f7-4195-adf6-e456b6680156): вот
[12:57:21] gluck97 (6e22b281-f6f7-4195-adf6-e456b6680156): вот
[12:58:20] Apt_bolka (99791d25-cc6a-40d5-9fab-db8d91e26277): blitch
[12:58:22] VladDoor (f83aa885-2487-4295-b366-193cd21d8701): у меня все запривачено вдоль и поперек
[12:58:25] VladDoor (f83aa885-2487-4295-b366-193cd21d8701): 4 привата стоит
[12:59:14] VladDoor (f83aa885-2487-4295-b366-193cd21d8701): ты ее ограбил?
[12:59:28] gluck97 (6e22b281-f6f7-4195-adf6-e456b6680156): fq
[12:59:42] gluck97 (6e22b281-f6f7-4195-adf6-e456b6680156): я менять штаны
[13:01:09] VladDoor (f83aa885-2487-4295-b366-193cd21d8701): у него крафт еще
[13:01:15] VladDoor (f83aa885-2487-4295-b366-193cd21d8701): не сложный
[13:01:37] VladDoor (f83aa885-2487-4295-b366-193cd21d8701): спасибо за способ как стырить вещи у других челов XD
[13:01:50] FetykArt (acd6896e-f945-4c63-802a-ca96eaeeb2f0): ты домой неси
[13:02:38] FetykArt (acd6896e-f945-4c63-802a-ca96eaeeb2f0): имба
[13:03:20] gluck97 (6e22b281-f6f7-4195-adf6-e456b6680156): щас вернусь
[13:05:10] VladDoor (f83aa885-2487-4295-b366-193cd21d8701): нахуя
[13:05:13] gluck97 (6e22b281-f6f7-4195-adf6-e456b6680156): относи
[13:05:15] VladDoor (f83aa885-2487-4295-b366-193cd21d8701): у меня есть
[13:05:23] VladDoor (f83aa885-2487-4295-b366-193cd21d8701): все
[13:05:25] FetykArt (acd6896e-f945-4c63-802a-ca96eaeeb2f0): у меня тут дом)
[13:06:32] FetykArt (acd6896e-f945-4c63-802a-ca96eaeeb2f0): тепнись домой
[13:06:37] FetykArt (acd6896e-f945-4c63-802a-ca96eaeeb2f0): я к тебе.
[13:07:26] gluck97 (6e22b281-f6f7-4195-adf6-e456b6680156): у нас проблема с едой
[13:07:52] FetykArt (acd6896e-f945-4c63-802a-ca96eaeeb2f0): я афк
[13:08:56] Apt_bolka (99791d25-cc6a-40d5-9fab-db8d91e26277): ок
[13:15:45] Apt_bolka (99791d25-cc6a-40d5-9fab-db8d91e26277): во бл
[13:15:51] Apt_bolka (99791d25-cc6a-40d5-9fab-db8d91e26277): зашол бананус
[13:16:09] Apt_bolka (99791d25-cc6a-40d5-9fab-db8d91e26277): сори у меня уже есть тима(
[13:16:15] BananusYT_ (4aa00be3-0b02-4e4c-94ab-c35e8a13c87b): :(
[13:16:18] Apt_bolka (99791d25-cc6a-40d5-9fab-db8d91e26277): хочешь тепнись
[13:16:22] BananusYT_ (4aa00be3-0b02-4e4c-94ab-c35e8a13c87b): :(
[13:16:37] Apt_bolka (99791d25-cc6a-40d5-9fab-db8d91e26277): посмотришь базу)
[13:16:58] Apt_bolka (99791d25-cc6a-40d5-9fab-db8d91e26277): можешь в войс?
[13:17:03] BananusYT_ (4aa00be3-0b02-4e4c-94ab-c35e8a13c87b): Го
[13:21:51] gluck97 (6e22b281-f6f7-4195-adf6-e456b6680156): сервер оживает
[13:22:29] gluck97 (6e22b281-f6f7-4195-adf6-e456b6680156): ок
[13:27:24] VladDoor (f83aa885-2487-4295-b366-193cd21d8701): спят усталые игрушки
[13:27:26] VladDoor (f83aa885-2487-4295-b366-193cd21d8701): книжки спят
[13:28:12] ProCto_DS (d3139add-473e-468f-9582-8b46bb0e237c): qq
[13:28:16] gluck97 (6e22b281-f6f7-4195-adf6-e456b6680156): занят?
[13:28:25] ProCto_DS (d3139add-473e-468f-9582-8b46bb0e237c): хм
[13:28:46] ProCto_DS (d3139add-473e-468f-9582-8b46bb0e237c): хех
[13:28:50] ProCto_DS (d3139add-473e-468f-9582-8b46bb0e237c): я сразу те узнал
[13:28:58] BananusYT_ (4aa00be3-0b02-4e4c-94ab-c35e8a13c87b): Всм?
[13:29:01] ProCto_DS (d3139add-473e-468f-9582-8b46bb0e237c): Болка найдётся еда?
[13:29:06] Apt_bolka (99791d25-cc6a-40d5-9fab-db8d91e26277): -
[13:29:16] ProCto_DS (d3139add-473e-468f-9582-8b46bb0e237c): Это ты сказал кроксу сообщение в лс чекнуть?)
[13:29:33] BananusYT_ (4aa00be3-0b02-4e4c-94ab-c35e8a13c87b): Да
[13:29:38] ProCto_DS (d3139add-473e-468f-9582-8b46bb0e237c): По скину узнал
[13:29:42] BananusYT_ (4aa00be3-0b02-4e4c-94ab-c35e8a13c87b): Ясно
[13:29:51] ProCto_DS (d3139add-473e-468f-9582-8b46bb0e237c): хоть кости?
[13:30:05] ProCto_DS (d3139add-473e-468f-9582-8b46bb0e237c): Спс)
[13:30:08] ProCto_DS (d3139add-473e-468f-9582-8b46bb0e237c): братик
[13:31:57] gluck97 (6e22b281-f6f7-4195-adf6-e456b6680156): поможешь огород засадить?
[13:32:43] FetykArt (acd6896e-f945-4c63-802a-ca96eaeeb2f0): xtv
[13:32:45] FetykArt (acd6896e-f945-4c63-802a-ca96eaeeb2f0): чем
[13:34:01] Nindly (eb4d01d7-785b-433a-88b6-26b920632b5b): q
[13:34:07] gluck97 (6e22b281-f6f7-4195-adf6-e456b6680156): ку
[13:34:08] FetykArt (acd6896e-f945-4c63-802a-ca96eaeeb2f0): прив
[13:34:52] gluck97 (6e22b281-f6f7-4195-adf6-e456b6680156): всё?
[13:38:49] VladDoor (f83aa885-2487-4295-b366-193cd21d8701): прикольная база да
[13:38:54] ProCto_DS (d3139add-473e-468f-9582-8b46bb0e237c): Да
[13:38:55] ProCto_DS (d3139add-473e-468f-9582-8b46bb0e237c): Как нашёл?
[13:39:03] VladDoor (f83aa885-2487-4295-b366-193cd21d8701): метка стоит тута
[13:39:26] FetykArt (acd6896e-f945-4c63-802a-ca96eaeeb2f0): есть топор?
[13:39:35] gluck97 (6e22b281-f6f7-4195-adf6-e456b6680156): могу сделать
[13:39:52] gluck97 (6e22b281-f6f7-4195-adf6-e456b6680156): 3х3 1х1?
[13:39:59] FetykArt (acd6896e-f945-4c63-802a-ca96eaeeb2f0): любой
[13:40:01] ProCto_DS (d3139add-473e-468f-9582-8b46bb0e237c): хех
[13:40:08] ProCto_DS (d3139add-473e-468f-9582-8b46bb0e237c): Это база под присмотром аптечки
[13:40:15] ProCto_DS (d3139add-473e-468f-9582-8b46bb0e237c): Тронем, пизда нам
[13:40:27] VladDoor (f83aa885-2487-4295-b366-193cd21d8701): шаг влево вправо и расстрел
[13:40:43] ProCto_DS (d3139add-473e-468f-9582-8b46bb0e237c): Ну еслиб не аптечка
[13:40:47] ProCto_DS (d3139add-473e-468f-9582-8b46bb0e237c): То тут бы ничаго не было)
[13:41:02] ProCto_DS (d3139add-473e-468f-9582-8b46bb0e237c): вот это можна се забрать)
[13:41:08] ProCto_DS (d3139add-473e-468f-9582-8b46bb0e237c): гы)
[13:41:08] VladDoor (f83aa885-2487-4295-b366-193cd21d8701): это че
[13:41:11] ProCto_DS (d3139add-473e-468f-9582-8b46bb0e237c): Чинит ресы
[13:41:24] gluck97 (6e22b281-f6f7-4195-adf6-e456b6680156): есть тросник?
[13:42:12] VladDoor (f83aa885-2487-4295-b366-193cd21d8701): у него есть даже
[13:42:14] VladDoor (f83aa885-2487-4295-b366-193cd21d8701): яйко
[13:42:19] VladDoor (f83aa885-2487-4295-b366-193cd21d8701): дракона
[13:42:20] ProCto_DS (d3139add-473e-468f-9582-8b46bb0e237c): яйко
[13:42:38] VladDoor (f83aa885-2487-4295-b366-193cd21d8701): ху
[13:42:54] gluck97 (6e22b281-f6f7-4195-adf6-e456b6680156): на
[13:43:19] FetykArt (acd6896e-f945-4c63-802a-ca96eaeeb2f0): sel
[13:43:24] ProCto_DS (d3139add-473e-468f-9582-8b46bb0e237c): Ладно
[13:43:27] ProCto_DS (d3139add-473e-468f-9582-8b46bb0e237c): Жалко мне его
[13:43:29] ProCto_DS (d3139add-473e-468f-9582-8b46bb0e237c): Оставлю все
[13:44:35] VladDoor (f83aa885-2487-4295-b366-193cd21d8701): ебать у тебя тут таум
[13:44:45] ProCto_DS (d3139add-473e-468f-9582-8b46bb0e237c): фак
[13:44:48] ProCto_DS (d3139add-473e-468f-9582-8b46bb0e237c): Откуда ты тут
[13:45:07] ProCto_DS (d3139add-473e-468f-9582-8b46bb0e237c): нее
[13:45:07] gluck97 (6e22b281-f6f7-4195-adf6-e456b6680156): усните
[13:45:09] ProCto_DS (d3139add-473e-468f-9582-8b46bb0e237c): КУДА
[13:45:12] ProCto_DS (d3139add-473e-468f-9582-8b46bb0e237c): Бл
[13:45:15] Nindly (eb4d01d7-785b-433a-88b6-26b920632b5b): )\
[13:45:16] ProCto_DS (d3139add-473e-468f-9582-8b46bb0e237c): За шо...
[13:45:21] BananusYT_ (4aa00be3-0b02-4e4c-94ab-c35e8a13c87b): ?
[13:45:35] VladDoor (f83aa885-2487-4295-b366-193cd21d8701): ищем где нету привата
[13:45:41] ProCto_DS (d3139add-473e-468f-9582-8b46bb0e237c): хех
[13:45:54] ProCto_DS (d3139add-473e-468f-9582-8b46bb0e237c): ну ты ещешь
[13:46:01] ProCto_DS (d3139add-473e-468f-9582-8b46bb0e237c): Когда владец это базы в сети
[13:46:04] ProCto_DS (d3139add-473e-468f-9582-8b46bb0e237c): Не лучшая идея
[13:46:22] FetykArt (acd6896e-f945-4c63-802a-ca96eaeeb2f0): я афк
[13:46:27] VladDoor (f83aa885-2487-4295-b366-193cd21d8701): я тебе заполню
[13:46:31] ProCto_DS (d3139add-473e-468f-9582-8b46bb0e237c): ?
[13:46:34] VladDoor (f83aa885-2487-4295-b366-193cd21d8701): крови
[13:46:57] ProCto_DS (d3139add-473e-468f-9582-8b46bb0e237c): Куда я весь аквамарин проебал
[13:47:03] ProCto_DS (d3139add-473e-468f-9582-8b46bb0e237c): Тп на свою базу
[13:47:34] ProCto_DS (d3139add-473e-468f-9582-8b46bb0e237c): cnjg'
[13:47:36] ProCto_DS (d3139add-473e-468f-9582-8b46bb0e237c): стопэ
[13:47:39] ProCto_DS (d3139add-473e-468f-9582-8b46bb0e237c): Это не твоя база
[13:47:44] VladDoor (f83aa885-2487-4295-b366-193cd21d8701): ну да
[13:47:48] ProCto_DS (d3139add-473e-468f-9582-8b46bb0e237c): Свою покажи
[13:48:30] ProCto_DS (d3139add-473e-468f-9582-8b46bb0e237c): ye
[13:48:32] ProCto_DS (d3139add-473e-468f-9582-8b46bb0e237c): ну
[13:48:42] BananusYT_ (4aa00be3-0b02-4e4c-94ab-c35e8a13c87b): сделай мне минет пж пж
[13:48:45] VladDoor (f83aa885-2487-4295-b366-193cd21d8701): pyes.езуны
[13:48:45] VladDoor (f83aa885-2487-4295-b366-193cd21d8701): yes
[13:48:53] BananusYT_ (4aa00be3-0b02-4e4c-94ab-c35e8a13c87b): Сделаю отсос за донат
[13:48:59] ProCto_DS (d3139add-473e-468f-9582-8b46bb0e237c): ты угараешь?
[13:49:04] ProCto_DS (d3139add-473e-468f-9582-8b46bb0e237c): Говори
[13:49:08] ProCto_DS (d3139add-473e-468f-9582-8b46bb0e237c): или нах всё взорву
[13:49:14] VladDoor (f83aa885-2487-4295-b366-193cd21d8701): нинада
[13:49:21] ProCto_DS (d3139add-473e-468f-9582-8b46bb0e237c): хахах
[13:49:28] ProCto_DS (d3139add-473e-468f-9582-8b46bb0e237c): Меня даж виверн лук и броня не пробила
[13:49:35] VladDoor (f83aa885-2487-4295-b366-193cd21d8701): а включенная пробьет?
[13:49:37] ProCto_DS (d3139add-473e-468f-9582-8b46bb0e237c): и меч точнее
[13:49:41] ProCto_DS (d3139add-473e-468f-9582-8b46bb0e237c): )
[13:49:43] ProCto_DS (d3139add-473e-468f-9582-8b46bb0e237c): Ну пробуй
[13:49:57] ProCto_DS (d3139add-473e-468f-9582-8b46bb0e237c): тэк
[13:50:00] ProCto_DS (d3139add-473e-468f-9582-8b46bb0e237c): Корсар 5
[13:50:02] ProCto_DS (d3139add-473e-468f-9582-8b46bb0e237c): хммм
[13:50:05] ProCto_DS (d3139add-473e-468f-9582-8b46bb0e237c): На те испытаю)
[13:50:14] VladDoor (f83aa885-2487-4295-b366-193cd21d8701): давай
[13:50:18] ProCto_DS (d3139add-473e-468f-9582-8b46bb0e237c): Та не)
[13:50:21] ProCto_DS (d3139add-473e-468f-9582-8b46bb0e237c): Болка покажу
[13:50:32] ProCto_DS (d3139add-473e-468f-9582-8b46bb0e237c): У меня в руках карсар 5
[13:50:39] ProCto_DS (d3139add-473e-468f-9582-8b46bb0e237c): ебнет не по детски
[13:50:50] ProCto_DS (d3139add-473e-468f-9582-8b46bb0e237c): тэк
[13:50:52] ProCto_DS (d3139add-473e-468f-9582-8b46bb0e237c): А шо если
[13:50:56] ProCto_DS (d3139add-473e-468f-9582-8b46bb0e237c): Прям на мэ)
[13:51:18] ProCto_DS (d3139add-473e-468f-9582-8b46bb0e237c): У кого корсар 5 взорвать?)
[13:51:27] ProCto_DS (d3139add-473e-468f-9582-8b46bb0e237c): опа
[13:51:30] ProCto_DS (d3139add-473e-468f-9582-8b46bb0e237c): йети
[13:51:32] ProCto_DS (d3139add-473e-468f-9582-8b46bb0e237c): Ща как
[13:51:36] ProCto_DS (d3139add-473e-468f-9582-8b46bb0e237c): Корсаром
[13:51:47] ProCto_DS (d3139add-473e-468f-9582-8b46bb0e237c): Иди за мной
[13:51:47] Apt_bolka (99791d25-cc6a-40d5-9fab-db8d91e26277): иди нах отсюда
[13:52:00] ProCto_DS (d3139add-473e-468f-9582-8b46bb0e237c): Ложитесь
[13:52:01] BananusYT_ (4aa00be3-0b02-4e4c-94ab-c35e8a13c87b): Сделаю минет за алмаз
[13:52:07] ProCto_DS (d3139add-473e-468f-9582-8b46bb0e237c): рх ебать
[13:52:08] VladDoor (f83aa885-2487-4295-b366-193cd21d8701): окей
[13:52:10] ProCto_DS (d3139add-473e-468f-9582-8b46bb0e237c): Неплоха
[13:52:35] Nindly (eb4d01d7-785b-433a-88b6-26b920632b5b): ;d
[13:52:41] ProCto_DS (d3139add-473e-468f-9582-8b46bb0e237c): что хуйня тут
[13:52:44] Nindly (eb4d01d7-785b-433a-88b6-26b920632b5b): много желающих
[13:52:48] ProCto_DS (d3139add-473e-468f-9582-8b46bb0e237c): БЛЯ
[13:52:49] Apt_bolka (99791d25-cc6a-40d5-9fab-db8d91e26277): тиммейт имба
[13:52:49] VladDoor (f83aa885-2487-4295-b366-193cd21d8701): бля всосали
[13:52:52] [CAPS] ProCto_DS (d3139add-473e-468f-9582-8b46bb0e237c): корсаром уебу)
[13:53:04] BananusYT_ (4aa00be3-0b02-4e4c-94ab-c35e8a13c87b): Сделаю минет за алмаз
[13:53:09] ProCto_DS (d3139add-473e-468f-9582-8b46bb0e237c): болка, что за гей клуб?
[13:53:15] Nergaloff (88da800e-1614-4c65-ace8-c18f7e99e914): союз юмористов я ебу
[13:53:18] VladDoor (f83aa885-2487-4295-b366-193cd21d8701): алмазики
[13:53:19] Nindly (eb4d01d7-785b-433a-88b6-26b920632b5b): алмаз дал, но нагрду не получил
[13:53:20] Apt_bolka (99791d25-cc6a-40d5-9fab-db8d91e26277): хз мой друг зарабатывает на жизнь
[13:53:21] VladDoor (f83aa885-2487-4295-b366-193cd21d8701): че ты всосал
[13:53:30] Nindly (eb4d01d7-785b-433a-88b6-26b920632b5b): ничего
[13:53:43] ProCto_DS (d3139add-473e-468f-9582-8b46bb0e237c): я из базы болки
[13:53:45] ProCto_DS (d3139add-473e-468f-9582-8b46bb0e237c): Там пиздец
[13:53:45] VladDoor (f83aa885-2487-4295-b366-193cd21d8701): тп ка мне
[13:53:48] VladDoor (f83aa885-2487-4295-b366-193cd21d8701): бананчик
[13:53:49] ProCto_DS (d3139add-473e-468f-9582-8b46bb0e237c): Минет делают)
[13:53:50] Nergaloff (88da800e-1614-4c65-ace8-c18f7e99e914): бывает
[13:53:51] VladDoor (f83aa885-2487-4295-b366-193cd21d8701): сладкий
[13:54:05] ProCto_DS (d3139add-473e-468f-9582-8b46bb0e237c): я им корсар 5 кинуд, и съебался
[13:54:14] ProCto_DS (d3139add-473e-468f-9582-8b46bb0e237c): чтоб жизнь медов не втыкала
[13:54:18] ProCto_DS (d3139add-473e-468f-9582-8b46bb0e237c): xD
[13:54:42] ProCto_DS (d3139add-473e-468f-9582-8b46bb0e237c): Ура
[13:54:43] ProCto_DS (d3139add-473e-468f-9582-8b46bb0e237c): ночь
[13:54:52] ProCto_DS (d3139add-473e-468f-9582-8b46bb0e237c): сегодня буду мутить кристалл
[13:54:56] ProCto_DS (d3139add-473e-468f-9582-8b46bb0e237c): Найдётся аквамарин?
[13:55:00] VladDoor (f83aa885-2487-4295-b366-193cd21d8701): терь отсос
[13:55:10] ProCto_DS (d3139add-473e-468f-9582-8b46bb0e237c): Кст
[13:55:17] ProCto_DS (d3139add-473e-468f-9582-8b46bb0e237c): Какой у те самое сильное оржие?
[13:55:28] ProCto_DS (d3139add-473e-468f-9582-8b46bb0e237c): Меня пока даж виверн лук и виверн меч не пробил)
[13:55:30] Nergaloff (88da800e-1614-4c65-ace8-c18f7e99e914): палаш на 24 урона
[13:55:32] VladDoor (f83aa885-2487-4295-b366-193cd21d8701): Что такое булкин
[13:55:33] Nergaloff (88da800e-1614-4c65-ace8-c18f7e99e914): из тинкера
[13:55:34] ProCto_DS (d3139add-473e-468f-9582-8b46bb0e237c): Ударька
[13:55:41] ProCto_DS (d3139add-473e-468f-9582-8b46bb0e237c): Ну)
[13:55:43] ProCto_DS (d3139add-473e-468f-9582-8b46bb0e237c): 0 урона)
[13:55:48] Nergaloff (88da800e-1614-4c65-ace8-c18f7e99e914): ясно
[13:55:49] Nergaloff (88da800e-1614-4c65-ace8-c18f7e99e914): ударь
[13:55:50] [CAPS] ProCto_DS (d3139add-473e-468f-9582-8b46bb0e237c): не нада
[13:55:51] [CAPS] ProCto_DS (d3139add-473e-468f-9582-8b46bb0e237c): не нада
[13:55:51] VladDoor (f83aa885-2487-4295-b366-193cd21d8701): ложись
[13:55:53] [CAPS] ProCto_DS (d3139add-473e-468f-9582-8b46bb0e237c): не нада
[13:55:56] VladDoor (f83aa885-2487-4295-b366-193cd21d8701): булочка
[13:55:57] ProCto_DS (d3139add-473e-468f-9582-8b46bb0e237c): я кристал сделаю
[13:56:02] ProCto_DS (d3139add-473e-468f-9582-8b46bb0e237c): Тогда можна)
[13:56:09] Nergaloff (88da800e-1614-4c65-ace8-c18f7e99e914): 0 урона
[13:56:09] ProCto_DS (d3139add-473e-468f-9582-8b46bb0e237c): С хул
[13:56:13] ProCto_DS (d3139add-473e-468f-9582-8b46bb0e237c): тебя пробить не могу
[13:56:16] ProCto_DS (d3139add-473e-468f-9582-8b46bb0e237c): Ну твоя на мане
[13:56:20] ProCto_DS (d3139add-473e-468f-9582-8b46bb0e237c): А моя беск
[13:56:22] ProCto_DS (d3139add-473e-468f-9582-8b46bb0e237c): Ничаго не жрет
[13:56:26] Nergaloff (88da800e-1614-4c65-ace8-c18f7e99e914): снял
[13:56:28] ProCto_DS (d3139add-473e-468f-9582-8b46bb0e237c): Блять
[13:56:30] ProCto_DS (d3139add-473e-468f-9582-8b46bb0e237c): гоод
[13:56:31] ProCto_DS (d3139add-473e-468f-9582-8b46bb0e237c): Ты угараешь?
[13:56:33] Nergaloff (88da800e-1614-4c65-ace8-c18f7e99e914): потому что ихор хуйня
[13:56:37] VladDoor (f83aa885-2487-4295-b366-193cd21d8701): Хорошая работа
[13:56:37] ProCto_DS (d3139add-473e-468f-9582-8b46bb0e237c): гоод
[13:56:38] ProCto_DS (d3139add-473e-468f-9582-8b46bb0e237c): гоод
[13:56:39] ProCto_DS (d3139add-473e-468f-9582-8b46bb0e237c): гоод
[13:56:40] ProCto_DS (d3139add-473e-468f-9582-8b46bb0e237c): гоод
[13:56:40] ProCto_DS (d3139add-473e-468f-9582-8b46bb0e237c): гоод
[13:56:50] ProCto_DS (d3139add-473e-468f-9582-8b46bb0e237c): Ихор не хуйня
[13:56:56] Nergaloff (88da800e-1614-4c65-ace8-c18f7e99e914): полная
[13:56:57] Nergaloff (88da800e-1614-4c65-ace8-c18f7e99e914): хуйня
[13:57:01] ProCto_DS (d3139add-473e-468f-9582-8b46bb0e237c): гуд выруби
[13:57:04] ProCto_DS (d3139add-473e-468f-9582-8b46bb0e237c): Тогда посмотрим
[13:57:14] Nergaloff (88da800e-1614-4c65-ace8-c18f7e99e914): )
[13:57:19] ProCto_DS (d3139add-473e-468f-9582-8b46bb0e237c): ну вот, видишь)
[13:57:24] ProCto_DS (d3139add-473e-468f-9582-8b46bb0e237c): ихор не хуйня
[13:57:29] Nergaloff (88da800e-1614-4c65-ace8-c18f7e99e914): а ты ихор сними
[13:57:30] Nergaloff (88da800e-1614-4c65-ace8-c18f7e99e914): тогда посмотрим
[13:57:36] ProCto_DS (d3139add-473e-468f-9582-8b46bb0e237c): у те гоод
[13:57:39] Nergaloff (88da800e-1614-4c65-ace8-c18f7e99e914): и че
[13:57:43] ProCto_DS (d3139add-473e-468f-9582-8b46bb0e237c): Ну блять
[13:57:46] ProCto_DS (d3139add-473e-468f-9582-8b46bb0e237c): Кароч нах с тобой спорить)
[13:57:49] Nergaloff (88da800e-1614-4c65-ace8-c18f7e99e914): ахаха
[13:58:09] VladDoor (f83aa885-2487-4295-b366-193cd21d8701): булка
[13:58:17] VladDoor (f83aa885-2487-4295-b366-193cd21d8701): где ты нашел
[13:58:21] VladDoor (f83aa885-2487-4295-b366-193cd21d8701): этих пидоров из дивайна
[13:58:24] VladDoor (f83aa885-2487-4295-b366-193cd21d8701): первых мобов
[13:58:29] VladDoor (f83aa885-2487-4295-b366-193cd21d8701): я скок пошахте бегаю ваще нету
[13:58:31] Apt_bolka (99791d25-cc6a-40d5-9fab-db8d91e26277): Копал
[13:58:40] Apt_bolka (99791d25-cc6a-40d5-9fab-db8d91e26277): там надо раскапывать
[13:58:46] BananusYT_ (4aa00be3-0b02-4e4c-94ab-c35e8a13c87b): Сделаю минет за вознаграждение)
[14:00:33] ProCto_DS (d3139add-473e-468f-9582-8b46bb0e237c): Дососался
[14:00:45] VladDoor (f83aa885-2487-4295-b366-193cd21d8701): насосался
[14:05:44] [CAPS] VladDoor (f83aa885-2487-4295-b366-193cd21d8701): нефть?
[14:06:13] VladDoor (f83aa885-2487-4295-b366-193cd21d8701): НЕфть?
[14:06:15] VladDoor (f83aa885-2487-4295-b366-193cd21d8701): шде
[14:06:16] VladDoor (f83aa885-2487-4295-b366-193cd21d8701): где
[14:06:17] VladDoor (f83aa885-2487-4295-b366-193cd21d8701): нефть
[14:06:20] Nergaloff (88da800e-1614-4c65-ace8-c18f7e99e914): секрет
[14:06:29] VladDoor (f83aa885-2487-4295-b366-193cd21d8701): я кам фром америка
[14:06:33] Nergaloff (88da800e-1614-4c65-ace8-c18f7e99e914): ю кам
[14:09:23] Apt_bolka (99791d25-cc6a-40d5-9fab-db8d91e26277): *фото как аскипи ебут*
[14:11:48] VladDoor (f83aa885-2487-4295-b366-193cd21d8701): кто хочет получить разрыв очка тп
[14:12:10] VladDoor (f83aa885-2487-4295-b366-193cd21d8701): вас выебут
[14:12:12] VladDoor (f83aa885-2487-4295-b366-193cd21d8701): и даже не
[14:12:13] VladDoor (f83aa885-2487-4295-b366-193cd21d8701): я
[14:12:40] VladDoor (f83aa885-2487-4295-b366-193cd21d8701): такое предложение бывает раз на всю жизнь
[14:13:22] Nindly (eb4d01d7-785b-433a-88b6-26b920632b5b): ай ай ай
[14:13:28] VladDoor (f83aa885-2487-4295-b366-193cd21d8701): донатер
[14:13:29] Nindly (eb4d01d7-785b-433a-88b6-26b920632b5b): тп без разрешения
[14:13:36] Nindly (eb4d01d7-785b-433a-88b6-26b920632b5b): ну есть немного
[14:13:49] VladDoor (f83aa885-2487-4295-b366-193cd21d8701): ищем что спиздить можн
[14:13:58] Nindly (eb4d01d7-785b-433a-88b6-26b920632b5b): овцу
[14:14:16] VladDoor (f83aa885-2487-4295-b366-193cd21d8701): заебись
[14:14:25] VladDoor (f83aa885-2487-4295-b366-193cd21d8701): а что ты будешь крафтить тута?
[14:14:37] Nindly (eb4d01d7-785b-433a-88b6-26b920632b5b): крафты
[14:14:39] Nindly (eb4d01d7-785b-433a-88b6-26b920632b5b): крафтить
[14:15:02] VladDoor (f83aa885-2487-4295-b366-193cd21d8701): у тебя кв карьер по моему не работает
[14:15:06] Nindly (eb4d01d7-785b-433a-88b6-26b920632b5b): я знаю
[14:15:09] Nindly (eb4d01d7-785b-433a-88b6-26b920632b5b): я вырубил
[14:15:14] Nindly (eb4d01d7-785b-433a-88b6-26b920632b5b): пока без надобности
[14:16:08] VladDoor (f83aa885-2487-4295-b366-193cd21d8701): ты не против если я возьму
[14:16:17] Nindly (eb4d01d7-785b-433a-88b6-26b920632b5b): против
[14:16:23] VladDoor (f83aa885-2487-4295-b366-193cd21d8701): у тебя ключик есть
[14:16:26] VladDoor (f83aa885-2487-4295-b366-193cd21d8701): гаечный?
[14:16:27] Nindly (eb4d01d7-785b-433a-88b6-26b920632b5b): нету
[14:16:41] VladDoor (f83aa885-2487-4295-b366-193cd21d8701): подожди щас возьму
[14:16:46] ProCto_DS (d3139add-473e-468f-9582-8b46bb0e237c): [f[
[14:18:00] Nindly (eb4d01d7-785b-433a-88b6-26b920632b5b): наёбер
[14:18:14] VladDoor (f83aa885-2487-4295-b366-193cd21d8701): иди сюда
[14:18:16] ProCto_DS (d3139add-473e-468f-9582-8b46bb0e237c): ооо
[14:18:19] VladDoor (f83aa885-2487-4295-b366-193cd21d8701): смотри
[14:18:28] ProCto_DS (d3139add-473e-468f-9582-8b46bb0e237c): спс
[14:18:32] Nindly (eb4d01d7-785b-433a-88b6-26b920632b5b): и ?\
[14:18:45] VladDoor (f83aa885-2487-4295-b366-193cd21d8701): настоящий
[14:18:59] Nindly (eb4d01d7-785b-433a-88b6-26b920632b5b): )
[14:20:48] ProCto_DS (d3139add-473e-468f-9582-8b46bb0e237c): у каго?
[14:21:32] VladDoor (f83aa885-2487-4295-b366-193cd21d8701): за что
[14:21:48] VladDoor (f83aa885-2487-4295-b366-193cd21d8701): если не доказано
[14:22:12] VladDoor (f83aa885-2487-4295-b366-193cd21d8701): да у него ничего нету
[14:23:30] VladDoor (f83aa885-2487-4295-b366-193cd21d8701): салам
[14:23:35] _reflexed (a4982e19-bdcc-40a7-a685-78ee1c50ad23): Ага
[14:23:35] ProCto_DS (d3139add-473e-468f-9582-8b46bb0e237c): я кристал проебал
[14:23:37] ProCto_DS (d3139add-473e-468f-9582-8b46bb0e237c): Жаба
[14:23:39] _reflexed (a4982e19-bdcc-40a7-a685-78ee1c50ad23): А что ты тут забыл?
[14:23:39] ProCto_DS (d3139add-473e-468f-9582-8b46bb0e237c): я даун
[14:23:41] VladDoor (f83aa885-2487-4295-b366-193cd21d8701): вот что спиздил
[14:23:44] [CAPS] _reflexed (a4982e19-bdcc-40a7-a685-78ee1c50ad23): ахахахахахха
[14:23:45] ProCto_DS (d3139add-473e-468f-9582-8b46bb0e237c): ....
[14:23:47] _reflexed (a4982e19-bdcc-40a7-a685-78ee1c50ad23): кпц
[14:24:01] ProCto_DS (d3139add-473e-468f-9582-8b46bb0e237c): А НЕ
[14:24:06] ProCto_DS (d3139add-473e-468f-9582-8b46bb0e237c): фуф
[14:24:20] ProCto_DS (d3139add-473e-468f-9582-8b46bb0e237c): Ал
[14:24:24] ProCto_DS (d3139add-473e-468f-9582-8b46bb0e237c): Перестань тп ко мне
[14:24:43] ProCto_DS (d3139add-473e-468f-9582-8b46bb0e237c): Это мне?
[14:24:48] VladDoor (f83aa885-2487-4295-b366-193cd21d8701): не ставится
[14:24:52] ProCto_DS (d3139add-473e-468f-9582-8b46bb0e237c): ну бл
[14:24:54] ProCto_DS (d3139add-473e-468f-9582-8b46bb0e237c): Тут приват
[14:24:55] ProCto_DS (d3139add-473e-468f-9582-8b46bb0e237c): кнч
[14:25:00] VladDoor (f83aa885-2487-4295-b366-193cd21d8701): ну сам поставь че ты
[14:25:10] ProCto_DS (d3139add-473e-468f-9582-8b46bb0e237c): ну вс
[14:25:12] ProCto_DS (d3139add-473e-468f-9582-8b46bb0e237c): Это моё)
[14:25:21] VladDoor (f83aa885-2487-4295-b366-193cd21d8701): адай пж
[14:25:37] VladDoor (f83aa885-2487-4295-b366-193cd21d8701): это был тест
[14:25:41] VladDoor (f83aa885-2487-4295-b366-193cd21d8701): ты прашол
[14:25:43] ProCto_DS (d3139add-473e-468f-9582-8b46bb0e237c): каго
[14:25:50] ProCto_DS (d3139add-473e-468f-9582-8b46bb0e237c): бл
[14:25:55] ProCto_DS (d3139add-473e-468f-9582-8b46bb0e237c): Жаль нету квант карика)
[14:26:04] VladDoor (f83aa885-2487-4295-b366-193cd21d8701): еще че те
[14:26:06] VladDoor (f83aa885-2487-4295-b366-193cd21d8701): xD
[14:26:28] ProCto_DS (d3139add-473e-468f-9582-8b46bb0e237c): Ничаго больше)
[14:26:36] VladDoor (f83aa885-2487-4295-b366-193cd21d8701): cnjq
[14:26:37] VladDoor (f83aa885-2487-4295-b366-193cd21d8701): стой
[14:26:47] VladDoor (f83aa885-2487-4295-b366-193cd21d8701): а то он не выпадет
[14:26:49] VladDoor (f83aa885-2487-4295-b366-193cd21d8701): если киркой
[14:26:52] ProCto_DS (d3139add-473e-468f-9582-8b46bb0e237c): забыл)
[14:26:57] ProCto_DS (d3139add-473e-468f-9582-8b46bb0e237c): Ну квант карик бы)
[14:26:58] VladDoor (f83aa885-2487-4295-b366-193cd21d8701): ток что проверил
[14:27:04] VladDoor (f83aa885-2487-4295-b366-193cd21d8701): щас будет
[14:27:07] VladDoor (f83aa885-2487-4295-b366-193cd21d8701): сек
[14:28:58] ProCto_DS (d3139add-473e-468f-9582-8b46bb0e237c): ух тыж
[14:29:10] ProCto_DS (d3139add-473e-468f-9582-8b46bb0e237c): ммм
[14:29:17] ProCto_DS (d3139add-473e-468f-9582-8b46bb0e237c): Если хочешь могу отдать
[14:29:21] ProCto_DS (d3139add-473e-468f-9582-8b46bb0e237c): Те нужнее же будет
[14:29:26] VladDoor (f83aa885-2487-4295-b366-193cd21d8701): у меня то есть
[14:29:32] ProCto_DS (d3139add-473e-468f-9582-8b46bb0e237c): тэк
[14:29:34] ProCto_DS (d3139add-473e-468f-9582-8b46bb0e237c): Ща будет тестить
[14:30:03] VladDoor (f83aa885-2487-4295-b366-193cd21d8701): подключи к мэ
[14:30:07] ProCto_DS (d3139add-473e-468f-9582-8b46bb0e237c): Хех
[14:30:09] ProCto_DS (d3139add-473e-468f-9582-8b46bb0e237c): у меня мэ нету)
[14:30:18] VladDoor (f83aa885-2487-4295-b366-193cd21d8701): да бля
[14:30:26] [CAPS] ProCto_DS (d3139add-473e-468f-9582-8b46bb0e237c): не нада мне мэ
[14:30:28] VladDoor (f83aa885-2487-4295-b366-193cd21d8701): ну похуй подсоедени сундучки)
[14:30:28] [CAPS] ProCto_DS (d3139add-473e-468f-9582-8b46bb0e237c): стоять
[14:30:29] VladDoor (f83aa885-2487-4295-b366-193cd21d8701): алмазные
[14:30:32] VladDoor (f83aa885-2487-4295-b366-193cd21d8701): по бокам
[14:30:42] VladDoor (f83aa885-2487-4295-b366-193cd21d8701): и сделай помпы предметные
[14:30:52] ProCto_DS (d3139add-473e-468f-9582-8b46bb0e237c): спасибо :)
[14:31:28] VladDoor (f83aa885-2487-4295-b366-193cd21d8701): это тебя будили)?
[14:31:35] ProCto_DS (d3139add-473e-468f-9582-8b46bb0e237c): ?
[14:33:42] Nergaloff (88da800e-1614-4c65-ace8-c18f7e99e914): ну я
[14:33:48] ProCto_DS (d3139add-473e-468f-9582-8b46bb0e237c): нихуя
[14:34:18] VladDoor (f83aa885-2487-4295-b366-193cd21d8701): гандон
[14:34:20] ProCto_DS (d3139add-473e-468f-9582-8b46bb0e237c): Даж
[14:34:27] ProCto_DS (d3139add-473e-468f-9582-8b46bb0e237c): Блять утром могу делать предметы
[14:34:30] ProCto_DS (d3139add-473e-468f-9582-8b46bb0e237c): Иди за мной
[14:34:37] ProCto_DS (d3139add-473e-468f-9582-8b46bb0e237c): на
[14:34:50] Apt_bolka (99791d25-cc6a-40d5-9fab-db8d91e26277): и
[14:34:54] ProCto_DS (d3139add-473e-468f-9582-8b46bb0e237c): Ну блять
[14:34:57] ProCto_DS (d3139add-473e-468f-9582-8b46bb0e237c): у меня карик есть
[14:34:58] Apt_bolka (99791d25-cc6a-40d5-9fab-db8d91e26277): у меня так же
[14:35:03] ProCto_DS (d3139add-473e-468f-9582-8b46bb0e237c): Сжатый сундук продашь?
[14:35:10] ProCto_DS (d3139add-473e-468f-9582-8b46bb0e237c): 2 штуки
[14:35:11] Apt_bolka (99791d25-cc6a-40d5-9fab-db8d91e26277): а что он трудно крафтится?
[14:35:21] ProCto_DS (d3139add-473e-468f-9582-8b46bb0e237c): для меня да)
[14:35:23] ProCto_DS (d3139add-473e-468f-9582-8b46bb0e237c): продашь?
[14:35:25] Apt_bolka (99791d25-cc6a-40d5-9fab-db8d91e26277): ок щя
[14:35:49] ProCto_DS (d3139add-473e-468f-9582-8b46bb0e237c): хахах, у меня квант карик 0_0
[14:36:16] Nergaloff (88da800e-1614-4c65-ace8-c18f7e99e914): у кого спиздил
[14:36:24] ProCto_DS (d3139add-473e-468f-9582-8b46bb0e237c): почему спиздил?
[14:36:28] ProCto_DS (d3139add-473e-468f-9582-8b46bb0e237c): подарили
[14:36:30] Nergaloff (88da800e-1614-4c65-ace8-c18f7e99e914): понял
[14:36:36] ProCto_DS (d3139add-473e-468f-9582-8b46bb0e237c): потому-что я хороший)
[14:36:56] ProCto_DS (d3139add-473e-468f-9582-8b46bb0e237c): хех
[14:37:00] ProCto_DS (d3139add-473e-468f-9582-8b46bb0e237c): Нах
[14:37:02] ProCto_DS (d3139add-473e-468f-9582-8b46bb0e237c): починишь
[14:37:02] Apt_bolka (99791d25-cc6a-40d5-9fab-db8d91e26277): зачем мне сапошки
[14:37:09] ProCto_DS (d3139add-473e-468f-9582-8b46bb0e237c): Норм способ передвижения
[14:37:19] Apt_bolka (99791d25-cc6a-40d5-9fab-db8d91e26277): у меня команда есть
[14:37:23] ProCto_DS (d3139add-473e-468f-9582-8b46bb0e237c): на
[14:37:24] Apt_bolka (99791d25-cc6a-40d5-9fab-db8d91e26277): ./speed
[14:37:27] ProCto_DS (d3139add-473e-468f-9582-8b46bb0e237c): норм?
[14:37:28] Apt_bolka (99791d25-cc6a-40d5-9fab-db8d91e26277): Это норм
[14:37:39] ProCto_DS (d3139add-473e-468f-9582-8b46bb0e237c): ухх ебать
[14:38:36] ProCto_DS (d3139add-473e-468f-9582-8b46bb0e237c): Ну лан тогда)
[14:39:12] ProCto_DS (d3139add-473e-468f-9582-8b46bb0e237c): Терь мехи)))
[14:43:24] ProCto_DS (d3139add-473e-468f-9582-8b46bb0e237c): что?
[14:43:45] VladDoor (f83aa885-2487-4295-b366-193cd21d8701): твои?
[14:43:52] ProCto_DS (d3139add-473e-468f-9582-8b46bb0e237c): Xnj&
[14:44:04] ProCto_DS (d3139add-473e-468f-9582-8b46bb0e237c): я те отдал)
[14:45:26] gluck97 (6e22b281-f6f7-4195-adf6-e456b6680156): смотри
[14:46:04] FetykArt (acd6896e-f945-4c63-802a-ca96eaeeb2f0): что за кристаллы?
[14:46:10] gluck97 (6e22b281-f6f7-4195-adf6-e456b6680156): хз
[14:46:29] FetykArt (acd6896e-f945-4c63-802a-ca96eaeeb2f0): я домой
[14:47:10] ProCto_DS (d3139add-473e-468f-9582-8b46bb0e237c): Влад
[14:47:13] ProCto_DS (d3139add-473e-468f-9582-8b46bb0e237c): Ты не зайдёшь?
[14:58:50] santi (2037c080-4e07-420e-925b-b74606a6f272): Apt_bolka
[15:01:38] Apt_bolka (99791d25-cc6a-40d5-9fab-db8d91e26277): ?
[15:01:38] santi (2037c080-4e07-420e-925b-b74606a6f272): так щяс
[15:01:54] santi (2037c080-4e07-420e-925b-b74606a6f272): сервомеханизм и предметные трубы штук 6 есть?
[15:01:55] santi (2037c080-4e07-420e-925b-b74606a6f272): и два сундука
[15:02:01] santi (2037c080-4e07-420e-925b-b74606a6f272): проверяю
[15:02:03] santi (2037c080-4e07-420e-925b-b74606a6f272): хожу
[15:02:03] Apt_bolka (99791d25-cc6a-40d5-9fab-db8d91e26277): Сундуки ток
[15:02:06] santi (2037c080-4e07-420e-925b-b74606a6f272): пока атм ждем
[15:02:16] santi (2037c080-4e07-420e-925b-b74606a6f272): термал труб нету любых?
[15:02:19] Apt_bolka (99791d25-cc6a-40d5-9fab-db8d91e26277): -
[15:02:21] santi (2037c080-4e07-420e-925b-b74606a6f272): дюпы чекаю
[15:03:04] Apt_bolka (99791d25-cc6a-40d5-9fab-db8d91e26277): могу щяс сделать
[15:03:08] Apt_bolka (99791d25-cc6a-40d5-9fab-db8d91e26277): Фактиш ь
[15:03:19] santi (2037c080-4e07-420e-925b-b74606a6f272): трубы 2-3 хватит 1 сервомеханизм
[15:03:22] ProCto_DS (d3139add-473e-468f-9582-8b46bb0e237c): ебать чел, он хранитель...
[15:03:30] Apt_bolka (99791d25-cc6a-40d5-9fab-db8d91e26277): Он мой друг
[15:03:33] Apt_bolka (99791d25-cc6a-40d5-9fab-db8d91e26277): Ему можно
[15:03:36] ProCto_DS (d3139add-473e-468f-9582-8b46bb0e237c): пон)
[15:03:41] ProCto_DS (d3139add-473e-468f-9582-8b46bb0e237c): Я твой друг?
[15:04:57] ProCto_DS (d3139add-473e-468f-9582-8b46bb0e237c): Болка, повер зайдёт?
[15:05:05] Apt_bolka (99791d25-cc6a-40d5-9fab-db8d91e26277): хз
[15:05:41] Apt_bolka (99791d25-cc6a-40d5-9fab-db8d91e26277): почти сделал
[15:06:09] Apt_bolka (99791d25-cc6a-40d5-9fab-db8d91e26277): Сделал
[15:06:33] Apt_bolka (99791d25-cc6a-40d5-9fab-db8d91e26277): santi
[15:06:58] santi (2037c080-4e07-420e-925b-b74606a6f272): я тут
[15:06:59] santi (2037c080-4e07-420e-925b-b74606a6f272): да
[15:07:08] Apt_bolka (99791d25-cc6a-40d5-9fab-db8d91e26277): на трубы
[15:07:25] santi (2037c080-4e07-420e-925b-b74606a6f272): где привата нет
[15:07:36] Apt_bolka (99791d25-cc6a-40d5-9fab-db8d91e26277): Сдесь всё
[15:08:26] ProCto_DS (d3139add-473e-468f-9582-8b46bb0e237c): У кого хорошая мобоферма есть?
[15:09:28] Apt_bolka (99791d25-cc6a-40d5-9fab-db8d91e26277): робит?
[15:09:32] santi (2037c080-4e07-420e-925b-b74606a6f272): отправить надо
[15:09:33] santi (2037c080-4e07-420e-925b-b74606a6f272): сейчас
[15:09:46] ProCto_DS (d3139add-473e-468f-9582-8b46bb0e237c): {EQ
[15:09:48] ProCto_DS (d3139add-473e-468f-9582-8b46bb0e237c): ХУЙ
[15:09:48] Apt_bolka (99791d25-cc6a-40d5-9fab-db8d91e26277): О хай
[15:10:02] gluck97 (6e22b281-f6f7-4195-adf6-e456b6680156): подбери с низу
[15:10:38] gluck97 (6e22b281-f6f7-4195-adf6-e456b6680156): не так
[15:11:26] santi (2037c080-4e07-420e-925b-b74606a6f272): резонирующий
[15:11:28] santi (2037c080-4e07-420e-925b-b74606a6f272): еть?
[15:11:29] santi (2037c080-4e07-420e-925b-b74606a6f272): есть?
[15:11:36] Apt_bolka (99791d25-cc6a-40d5-9fab-db8d91e26277): нету
[15:11:41] Apt_bolka (99791d25-cc6a-40d5-9fab-db8d91e26277): Сделать увы не могу
[15:11:49] santi (2037c080-4e07-420e-925b-b74606a6f272): у хелпера креатив есть?
[15:12:01] santi (2037c080-4e07-420e-925b-b74606a6f272): у кого консоль есть?
[15:12:03] santi (2037c080-4e07-420e-925b-b74606a6f272): из состава
[15:12:34] Apt_bolka (99791d25-cc6a-40d5-9fab-db8d91e26277): У Админа
[15:12:35] Apt_bolka (99791d25-cc6a-40d5-9fab-db8d91e26277): всё
[15:13:18] Stxywxthme (6ce0cde9-8c92-4c66-96ad-6bffb9dfc01b): дюпы?
[15:13:20] santi (2037c080-4e07-420e-925b-b74606a6f272): да
[15:13:27] Apt_bolka (99791d25-cc6a-40d5-9fab-db8d91e26277): проверяет
[15:13:33] Stxywxthme (6ce0cde9-8c92-4c66-96ad-6bffb9dfc01b): если я покажу дюпы
[15:14:04] Stxywxthme (6ce0cde9-8c92-4c66-96ad-6bffb9dfc01b): я знаю дюпы
[15:15:04] Stxywxthme (6ce0cde9-8c92-4c66-96ad-6bffb9dfc01b): показать?
[15:15:19] santi (2037c080-4e07-420e-925b-b74606a6f272): поисковик
[15:15:21] santi (2037c080-4e07-420e-925b-b74606a6f272): сделать сможешь?
[15:15:23] santi (2037c080-4e07-420e-925b-b74606a6f272): обычный самый
[15:17:44] santi (2037c080-4e07-420e-925b-b74606a6f272): блатский рот
[15:18:01] Stxywxthme (6ce0cde9-8c92-4c66-96ad-6bffb9dfc01b): закрой
[15:18:56] Stxywxthme (6ce0cde9-8c92-4c66-96ad-6bffb9dfc01b): норм
[15:18:58] santi (2037c080-4e07-420e-925b-b74606a6f272): Так этот фикшеный
[15:18:59] santi (2037c080-4e07-420e-925b-b74606a6f272): хорошо
[15:19:01] santi (2037c080-4e07-420e-925b-b74606a6f272): еще один
[15:19:18] santi (2037c080-4e07-420e-925b-b74606a6f272): но там уже жидкостный терминал шины
[15:19:21] santi (2037c080-4e07-420e-925b-b74606a6f272): и трубы жидкостные
[15:19:25] santi (2037c080-4e07-420e-925b-b74606a6f272): дюп жидкостей
[15:19:30] Stxywxthme (6ce0cde9-8c92-4c66-96ad-6bffb9dfc01b): норм
[15:19:37] Stxywxthme (6ce0cde9-8c92-4c66-96ad-6bffb9dfc01b): нам нужен дюп предметов
[15:19:46] santi (2037c080-4e07-420e-925b-b74606a6f272): и жидкостей тоже дюп
[15:19:48] santi (2037c080-4e07-420e-925b-b74606a6f272): не плохой
[15:20:04] Stxywxthme (6ce0cde9-8c92-4c66-96ad-6bffb9dfc01b): лаву дюпать?
[15:20:12] santi (2037c080-4e07-420e-925b-b74606a6f272): материю
[15:20:17] [CAPS] Apt_bolka (99791d25-cc6a-40d5-9fab-db8d91e26277): уууу дюпы)
[15:20:29] Apt_bolka (99791d25-cc6a-40d5-9fab-db8d91e26277): нашол очередной дюп
[15:20:39] Stxywxthme (6ce0cde9-8c92-4c66-96ad-6bffb9dfc01b): ?
[15:20:51] Apt_bolka (99791d25-cc6a-40d5-9fab-db8d91e26277): я щя тебе 1 видео кину
[15:21:14] santi (2037c080-4e07-420e-925b-b74606a6f272): тут в сундуке итемы
[15:23:01] Stxywxthme (6ce0cde9-8c92-4c66-96ad-6bffb9dfc01b): давай проверим 2 дюпа
[15:23:41] Stxywxthme (6ce0cde9-8c92-4c66-96ad-6bffb9dfc01b): смотри
[15:25:28] Apt_bolka (99791d25-cc6a-40d5-9fab-db8d91e26277): можешь очистить 1 Сжатый сундук
[15:25:34] Apt_bolka (99791d25-cc6a-40d5-9fab-db8d91e26277): любой
[15:27:08] Apt_bolka (99791d25-cc6a-40d5-9fab-db8d91e26277): может ячейки дюпнуть))
[15:27:21] Stxywxthme (6ce0cde9-8c92-4c66-96ad-6bffb9dfc01b): давай
[15:27:30] [CAPS] Apt_bolka (99791d25-cc6a-40d5-9fab-db8d91e26277): аххаах
[15:27:38] Apt_bolka (99791d25-cc6a-40d5-9fab-db8d91e26277): я ячейки дюпнул
[15:27:39] Stxywxthme (6ce0cde9-8c92-4c66-96ad-6bffb9dfc01b): я знаю болле лучший способ
[15:27:58] Stxywxthme (6ce0cde9-8c92-4c66-96ad-6bffb9dfc01b): смотри
[15:28:24] Apt_bolka (99791d25-cc6a-40d5-9fab-db8d91e26277): а да
[15:28:47] Stxywxthme (6ce0cde9-8c92-4c66-96ad-6bffb9dfc01b): для стак вещей есть более хороший
[15:28:52] Stxywxthme (6ce0cde9-8c92-4c66-96ad-6bffb9dfc01b): чем так
[15:29:03] Apt_bolka (99791d25-cc6a-40d5-9fab-db8d91e26277): дай сумки
[15:29:09] Apt_bolka (99791d25-cc6a-40d5-9fab-db8d91e26277): мне нужно кристалы надюпать энда
[15:29:15] Stxywxthme (6ce0cde9-8c92-4c66-96ad-6bffb9dfc01b): там
[15:29:23] Stxywxthme (6ce0cde9-8c92-4c66-96ad-6bffb9dfc01b): зайди в интерфейс
[15:29:24] Apt_bolka (99791d25-cc6a-40d5-9fab-db8d91e26277): где там
[15:29:38] Apt_bolka (99791d25-cc6a-40d5-9fab-db8d91e26277): где
[15:29:43] Stxywxthme (6ce0cde9-8c92-4c66-96ad-6bffb9dfc01b): поставь предмет в первый слот инвентаря
[15:29:45] Stxywxthme (6ce0cde9-8c92-4c66-96ad-6bffb9dfc01b): здесь
[15:29:54] Apt_bolka (99791d25-cc6a-40d5-9fab-db8d91e26277): нету
[15:29:58] Stxywxthme (6ce0cde9-8c92-4c66-96ad-6bffb9dfc01b): и шифт лкм
[15:30:07] Apt_bolka (99791d25-cc6a-40d5-9fab-db8d91e26277): ой
[15:30:32] Apt_bolka (99791d25-cc6a-40d5-9fab-db8d91e26277): не понимаю
[15:30:36] Stxywxthme (6ce0cde9-8c92-4c66-96ad-6bffb9dfc01b): пкм
[15:30:48] Stxywxthme (6ce0cde9-8c92-4c66-96ad-6bffb9dfc01b): пустой руком
[15:30:53] Apt_bolka (99791d25-cc6a-40d5-9fab-db8d91e26277): и?
[15:30:57] Stxywxthme (6ce0cde9-8c92-4c66-96ad-6bffb9dfc01b): меню открывается?
[15:31:00] Apt_bolka (99791d25-cc6a-40d5-9fab-db8d91e26277): да
[15:31:13] Stxywxthme (6ce0cde9-8c92-4c66-96ad-6bffb9dfc01b): поставь предмет в первый слот инвентаря
[15:31:17] Apt_bolka (99791d25-cc6a-40d5-9fab-db8d91e26277): так
[15:31:24] Stxywxthme (6ce0cde9-8c92-4c66-96ad-6bffb9dfc01b): и нажми шифт лкм
[15:31:35] Stxywxthme (6ce0cde9-8c92-4c66-96ad-6bffb9dfc01b): в меню
[15:31:44] Apt_bolka (99791d25-cc6a-40d5-9fab-db8d91e26277): нечего
[15:31:47] Stxywxthme (6ce0cde9-8c92-4c66-96ad-6bffb9dfc01b): бля
[15:31:51] Stxywxthme (6ce0cde9-8c92-4c66-96ad-6bffb9dfc01b): я тебе кину гифку
[15:32:03] Stxywxthme (6ce0cde9-8c92-4c66-96ad-6bffb9dfc01b): ща
[15:32:51] Apt_bolka (99791d25-cc6a-40d5-9fab-db8d91e26277): как дюпать сумками
[15:35:35] Stxywxthme (6ce0cde9-8c92-4c66-96ad-6bffb9dfc01b): пон?
[15:35:39] Apt_bolka (99791d25-cc6a-40d5-9fab-db8d91e26277): ага
[15:35:42] Stxywxthme (6ce0cde9-8c92-4c66-96ad-6bffb9dfc01b): попробуй
[15:35:51] Stxywxthme (6ce0cde9-8c92-4c66-96ad-6bffb9dfc01b): только стакаемые вещи
[15:36:20] Apt_bolka (99791d25-cc6a-40d5-9fab-db8d91e26277): а сумкой так не прокатит?
[15:36:22] Stxywxthme (6ce0cde9-8c92-4c66-96ad-6bffb9dfc01b): нет
[15:36:51] Apt_bolka (99791d25-cc6a-40d5-9fab-db8d91e26277): Всё так панелей
[15:37:02] Apt_bolka (99791d25-cc6a-40d5-9fab-db8d91e26277): пхпхп
[15:37:21] Apt_bolka (99791d25-cc6a-40d5-9fab-db8d91e26277): Кому панельки?
[15:37:39] Apt_bolka (99791d25-cc6a-40d5-9fab-db8d91e26277): Иди сюды
[15:37:51] Stxywxthme (6ce0cde9-8c92-4c66-96ad-6bffb9dfc01b): когда вайп?
[15:38:10] Apt_bolka (99791d25-cc6a-40d5-9fab-db8d91e26277): ок
[15:38:20] Stxywxthme (6ce0cde9-8c92-4c66-96ad-6bffb9dfc01b): скину ему домой
[15:38:39] Stxywxthme (6ce0cde9-8c92-4c66-96ad-6bffb9dfc01b): кто может?
[15:39:03] Stxywxthme (6ce0cde9-8c92-4c66-96ad-6bffb9dfc01b): да ладно
[15:40:17] Stxywxthme (6ce0cde9-8c92-4c66-96ad-6bffb9dfc01b): о осмат
[15:42:30] Apt_bolka (99791d25-cc6a-40d5-9fab-db8d91e26277): я терминал на пару сек возьму
[15:43:53] Stxywxthme (6ce0cde9-8c92-4c66-96ad-6bffb9dfc01b): ага
[15:44:06] Stxywxthme (6ce0cde9-8c92-4c66-96ad-6bffb9dfc01b): пока
[15:44:10] Stxywxthme (6ce0cde9-8c92-4c66-96ad-6bffb9dfc01b): я кушать
[15:44:11] Apt_bolka (99791d25-cc6a-40d5-9fab-db8d91e26277): пока
[16:13:17] gluck97 (6e22b281-f6f7-4195-adf6-e456b6680156): ты скоро вернешься?
[16:14:39] Apt_bolka (99791d25-cc6a-40d5-9fab-db8d91e26277): Плак плак Повер меня бросил(
[16:17:06] Apt_bolka (99791d25-cc6a-40d5-9fab-db8d91e26277): Ура:3
[16:17:29] Apt_bolka (99791d25-cc6a-40d5-9fab-db8d91e26277): Плак плак:_(
[16:18:04] Nergaloff (88da800e-1614-4c65-ace8-c18f7e99e914): у
[16:20:06] gluck97 (6e22b281-f6f7-4195-adf6-e456b6680156): ты не нужен в аду
[16:20:12] gluck97 (6e22b281-f6f7-4195-adf6-e456b6680156): нужно накопать руду
[16:21:31] gluck97 (6e22b281-f6f7-4195-adf6-e456b6680156): в телегу скинул\
[16:25:49] gluck97 (6e22b281-f6f7-4195-adf6-e456b6680156): иди за мной\
[16:26:30] gluck97 (6e22b281-f6f7-4195-adf6-e456b6680156): его кто-то залутал
[16:28:53] FetykArt (acd6896e-f945-4c63-802a-ca96eaeeb2f0): q3QzH22eNw41DyS3lSp31PoL30jQq43OkC42iY
[16:33:29] FetykArt (acd6896e-f945-4c63-802a-ca96eaeeb2f0): круто тут
[16:33:36] gluck97 (6e22b281-f6f7-4195-adf6-e456b6680156): да
[16:33:48] gluck97 (6e22b281-f6f7-4195-adf6-e456b6680156): первый раз вижу такой интересный ад
[16:34:00] gluck97 (6e22b281-f6f7-4195-adf6-e456b6680156): стойй
[16:34:04] gluck97 (6e22b281-f6f7-4195-adf6-e456b6680156): там лучники
[16:34:06] gluck97 (6e22b281-f6f7-4195-adf6-e456b6680156): 2
[16:34:43] FetykArt (acd6896e-f945-4c63-802a-ca96eaeeb2f0): я в безопасный дом пошёл.
[16:34:50] FetykArt (acd6896e-f945-4c63-802a-ca96eaeeb2f0): не хачу тута быть
[16:34:56] gluck97 (6e22b281-f6f7-4195-adf6-e456b6680156): руду надо найти
[16:35:01] FetykArt (acd6896e-f945-4c63-802a-ca96eaeeb2f0): зач?
[16:35:05] gluck97 (6e22b281-f6f7-4195-adf6-e456b6680156): для крафта мехов
[16:35:10] FetykArt (acd6896e-f945-4c63-802a-ca96eaeeb2f0): понял
[16:35:31] FetykArt (acd6896e-f945-4c63-802a-ca96eaeeb2f0): так ты высоко ищеш
[16:35:36] FetykArt (acd6896e-f945-4c63-802a-ca96eaeeb2f0): она на 30-
[16:35:40] gluck97 (6e22b281-f6f7-4195-adf6-e456b6680156): вон
[16:35:47] gluck97 (6e22b281-f6f7-4195-adf6-e456b6680156): может она?
[16:36:08] gluck97 (6e22b281-f6f7-4195-adf6-e456b6680156): а там хуй со стрелами
[16:37:50] FetykArt (acd6896e-f945-4c63-802a-ca96eaeeb2f0): я чуть не ударил его ТпТэ
[16:38:20] gluck97 (6e22b281-f6f7-4195-adf6-e456b6680156): не то
[16:39:45] gluck97 (6e22b281-f6f7-4195-adf6-e456b6680156): прикол
[16:39:52] gluck97 (6e22b281-f6f7-4195-adf6-e456b6680156): он мимо меня на тебя
[16:42:26] gluck97 (6e22b281-f6f7-4195-adf6-e456b6680156): каждый взрыв как в первый раз
[16:42:33] gluck97 (6e22b281-f6f7-4195-adf6-e456b6680156): с подливокой
[16:42:47] gluck97 (6e22b281-f6f7-4195-adf6-e456b6680156): го на ту сторону?
[16:42:48] FetykArt (acd6896e-f945-4c63-802a-ca96eaeeb2f0): норм
[16:42:53] FetykArt (acd6896e-f945-4c63-802a-ca96eaeeb2f0): я под землёй
[16:43:18] FetykArt (acd6896e-f945-4c63-802a-ca96eaeeb2f0): во
[16:43:22] FetykArt (acd6896e-f945-4c63-802a-ca96eaeeb2f0): втоя руда
[16:43:50] gluck97 (6e22b281-f6f7-4195-adf6-e456b6680156): зел кристалы тоже нужны для крафтов
[16:43:51] FetykArt (acd6896e-f945-4c63-802a-ca96eaeeb2f0): эй
[16:44:06] FetykArt (acd6896e-f945-4c63-802a-ca96eaeeb2f0): я твою руду нашёл. тп если нужна)
[16:44:48] gluck97 (6e22b281-f6f7-4195-adf6-e456b6680156): пол хп
[16:45:17] [ADVERTISEMENT] FetykArt (acd6896e-f945-4c63-802a-ca96eaeeb2f0): <advertisement>§f
[16:45:22] FetykArt (acd6896e-f945-4c63-802a-ca96eaeeb2f0): сюда
[16:45:37] gluck97 (6e22b281-f6f7-4195-adf6-e456b6680156): [v
[16:45:38] gluck97 (6e22b281-f6f7-4195-adf6-e456b6680156): хм
[16:45:44] gluck97 (6e22b281-f6f7-4195-adf6-e456b6680156): и чем её добыть?
[16:45:52] FetykArt (acd6896e-f945-4c63-802a-ca96eaeeb2f0): хз
[16:45:56] FetykArt (acd6896e-f945-4c63-802a-ca96eaeeb2f0): дк кирка(
[16:46:12] FetykArt (acd6896e-f945-4c63-802a-ca96eaeeb2f0): есть такая?))
[16:46:17] gluck97 (6e22b281-f6f7-4195-adf6-e456b6680156): две
[16:57:22] gluck97 (6e22b281-f6f7-4195-adf6-e456b6680156): это пизда
[17:09:20] Apt_bolka (99791d25-cc6a-40d5-9fab-db8d91e26277): Влад у тя нету Кваркового слитка или мольки?
[17:09:45] Apt_bolka (99791d25-cc6a-40d5-9fab-db8d91e26277): д желательно хотя бы 1
[17:09:51] Apt_bolka (99791d25-cc6a-40d5-9fab-db8d91e26277): Кст Может мольку дашь
[17:09:57] Apt_bolka (99791d25-cc6a-40d5-9fab-db8d91e26277): я дам целых две:32
[17:10:00] Apt_bolka (99791d25-cc6a-40d5-9fab-db8d91e26277): я дам целых две:3*
[17:10:19] Apt_bolka (99791d25-cc6a-40d5-9fab-db8d91e26277): ааа
[17:10:23] Apt_bolka (99791d25-cc6a-40d5-9fab-db8d91e26277): ну и пофиг
[17:10:48] Apt_bolka (99791d25-cc6a-40d5-9fab-db8d91e26277): ну там Корпуса обогатитель оч не приятно крафтится
[17:10:56] Apt_bolka (99791d25-cc6a-40d5-9fab-db8d91e26277): У меня есть
[17:11:33] Apt_bolka (99791d25-cc6a-40d5-9fab-db8d91e26277): я бы не писал в дискорд чат это
[17:11:50] Apt_bolka (99791d25-cc6a-40d5-9fab-db8d91e26277): забей
[17:12:55] Apt_bolka (99791d25-cc6a-40d5-9fab-db8d91e26277): советую вопше 6 ставить
[17:13:01] Apt_bolka (99791d25-cc6a-40d5-9fab-db8d91e26277): мне для кайфовой игры 6 хватает
[17:13:10] Apt_bolka (99791d25-cc6a-40d5-9fab-db8d91e26277): ну просто я больше ставить и не могу :_
[17:13:38] Apt_bolka (99791d25-cc6a-40d5-9fab-db8d91e26277): я хочу вскоре купить 4 гига и будет у меня 12
[17:15:19] Apt_bolka (99791d25-cc6a-40d5-9fab-db8d91e26277): Может ты не будеш в дс сидеть когда заходешь?
[17:15:42] Apt_bolka (99791d25-cc6a-40d5-9fab-db8d91e26277): а ты с телефона
[17:16:14] Apt_bolka (99791d25-cc6a-40d5-9fab-db8d91e26277): эх слиток кварка бы
[17:16:34] Apt_bolka (99791d25-cc6a-40d5-9fab-db8d91e26277): Спек . электро схема
[17:16:56] Apt_bolka (99791d25-cc6a-40d5-9fab-db8d91e26277): там в Кондецаторе Спектральном нужен слиток
[17:17:05] Apt_bolka (99791d25-cc6a-40d5-9fab-db8d91e26277): ну а мне 1 хватит чтоб потом сделать 1000 их
[17:17:09] Apt_bolka (99791d25-cc6a-40d5-9fab-db8d91e26277): если ты понимаешь
[17:18:07] Apt_bolka (99791d25-cc6a-40d5-9fab-db8d91e26277): я могу к тебе тп?
[17:18:15] VladDoor (f83aa885-2487-4295-b366-193cd21d8701): да
[17:18:42] Apt_bolka (99791d25-cc6a-40d5-9fab-db8d91e26277): знаю но чот лень)
[17:19:10] VladDoor (f83aa885-2487-4295-b366-193cd21d8701): смари
[17:19:31] Apt_bolka (99791d25-cc6a-40d5-9fab-db8d91e26277): у тя пинг 1600
[17:19:37] Apt_bolka (99791d25-cc6a-40d5-9fab-db8d91e26277): тебя тепает
[17:19:38] VladDoor (f83aa885-2487-4295-b366-193cd21d8701): ичо
[17:19:42] VladDoor (f83aa885-2487-4295-b366-193cd21d8701): выключи v
[17:19:48] Apt_bolka (99791d25-cc6a-40d5-9fab-db8d91e26277): а ой
[17:20:02] Apt_bolka (99791d25-cc6a-40d5-9fab-db8d91e26277): забыл сори
[17:20:15] Apt_bolka (99791d25-cc6a-40d5-9fab-db8d91e26277): пхпхпх
[17:20:18] Apt_bolka (99791d25-cc6a-40d5-9fab-db8d91e26277): Поддвал бл
[17:20:27] VladDoor (f83aa885-2487-4295-b366-193cd21d8701): ну а че
[17:20:30] Apt_bolka (99791d25-cc6a-40d5-9fab-db8d91e26277): Факты
[17:20:32] VladDoor (f83aa885-2487-4295-b366-193cd21d8701): мне нада для эксперементов
[17:21:40] VladDoor (f83aa885-2487-4295-b366-193cd21d8701): смари
[17:21:43] VladDoor (f83aa885-2487-4295-b366-193cd21d8701): чо есть
[17:22:11] VladDoor (f83aa885-2487-4295-b366-193cd21d8701): бл не тот походу
[17:22:12] Apt_bolka (99791d25-cc6a-40d5-9fab-db8d91e26277): ты де
[17:22:19] Apt_bolka (99791d25-cc6a-40d5-9fab-db8d91e26277): а
[17:22:51] Apt_bolka (99791d25-cc6a-40d5-9fab-db8d91e26277): кварк слиток та есть?
[17:22:58] VladDoor (f83aa885-2487-4295-b366-193cd21d8701): (
[17:23:00] VladDoor (f83aa885-2487-4295-b366-193cd21d8701): нету
[17:23:05] Apt_bolka (99791d25-cc6a-40d5-9fab-db8d91e26277): Плак плак
[17:23:15] Apt_bolka (99791d25-cc6a-40d5-9fab-db8d91e26277): придётся видимо скитатся
[17:23:20] Apt_bolka (99791d25-cc6a-40d5-9fab-db8d91e26277): ну или ты щяс сделаешь мольку
[17:23:32] VladDoor (f83aa885-2487-4295-b366-193cd21d8701): я кое че щас протещу
[17:23:48] Apt_bolka (99791d25-cc6a-40d5-9fab-db8d91e26277): я пока поскитаюсь по миру
[17:24:12] Apt_bolka (99791d25-cc6a-40d5-9fab-db8d91e26277): о данж
[17:28:19] VladDoor (f83aa885-2487-4295-b366-193cd21d8701): о
[17:28:25] Apt_bolka (99791d25-cc6a-40d5-9fab-db8d91e26277): ?
[17:28:25] VladDoor (f83aa885-2487-4295-b366-193cd21d8701): тп
[17:28:38] VladDoor (f83aa885-2487-4295-b366-193cd21d8701): наведись
[17:28:52] Apt_bolka (99791d25-cc6a-40d5-9fab-db8d91e26277): нихера
[17:28:52] VladDoor (f83aa885-2487-4295-b366-193cd21d8701): знаешь чо это значит?
[17:29:15] Apt_bolka (99791d25-cc6a-40d5-9fab-db8d91e26277): ytf
[17:29:18] Apt_bolka (99791d25-cc6a-40d5-9fab-db8d91e26277): неа
[17:29:34] VladDoor (f83aa885-2487-4295-b366-193cd21d8701): как заспавнитьь
[17:29:35] VladDoor (f83aa885-2487-4295-b366-193cd21d8701): голема
[17:29:41] Apt_bolka (99791d25-cc6a-40d5-9fab-db8d91e26277): Его надо сделать
[17:29:44] Apt_bolka (99791d25-cc6a-40d5-9fab-db8d91e26277): а не колоколом тыкать
[17:29:49] VladDoor (f83aa885-2487-4295-b366-193cd21d8701): мм
[17:29:52] VladDoor (f83aa885-2487-4295-b366-193cd21d8701): а крафта нету
[17:29:56] Apt_bolka (99791d25-cc6a-40d5-9fab-db8d91e26277): есть
[17:29:59] VladDoor (f83aa885-2487-4295-b366-193cd21d8701): как
[17:29:59] Apt_bolka (99791d25-cc6a-40d5-9fab-db8d91e26277): в таумомиконе
[17:30:07] VladDoor (f83aa885-2487-4295-b366-193cd21d8701): а
[17:31:52] VladDoor (f83aa885-2487-4295-b366-193cd21d8701): големостроение?
[17:31:55] Apt_bolka (99791d25-cc6a-40d5-9fab-db8d91e26277): +
[17:37:27] Apt_bolka (99791d25-cc6a-40d5-9fab-db8d91e26277): хай
[17:37:53] Apt_bolka (99791d25-cc6a-40d5-9fab-db8d91e26277): феть
[17:41:06] Apt_bolka (99791d25-cc6a-40d5-9fab-db8d91e26277): хай
[17:41:09] gluck97 (6e22b281-f6f7-4195-adf6-e456b6680156): ку
[17:41:18] Apt_bolka (99791d25-cc6a-40d5-9fab-db8d91e26277): у вас не будет Кваркового слитка?
[17:42:01] gluck97 (6e22b281-f6f7-4195-adf6-e456b6680156): не
[17:42:11] Apt_bolka (99791d25-cc6a-40d5-9fab-db8d91e26277): жалко
[17:42:24] Apt_bolka (99791d25-cc6a-40d5-9fab-db8d91e26277): тест
[17:42:28] Apt_bolka (99791d25-cc6a-40d5-9fab-db8d91e26277): бл почему чёрны
[17:42:47] Nergaloff (88da800e-1614-4c65-ace8-c18f7e99e914): кому каравковый нужен был
[17:43:11] Apt_bolka (99791d25-cc6a-40d5-9fab-db8d91e26277): во фиолетовый)
[17:43:25] gluck97 (6e22b281-f6f7-4195-adf6-e456b6680156): на
[17:43:25] Apt_bolka (99791d25-cc6a-40d5-9fab-db8d91e26277): Блин ну прям у вас нету не 1 слитка кварка?
[17:43:34] Apt_bolka (99791d25-cc6a-40d5-9fab-db8d91e26277): Ой спасибки помогли
[17:43:34] gluck97 (6e22b281-f6f7-4195-adf6-e456b6680156): он?
[17:43:36] Apt_bolka (99791d25-cc6a-40d5-9fab-db8d91e26277): вам что то нужно?
[17:43:40] Apt_bolka (99791d25-cc6a-40d5-9fab-db8d91e26277): Могу дать
[17:44:03] Apt_bolka (99791d25-cc6a-40d5-9fab-db8d91e26277): механизм может какой то?
[17:44:19] Apt_bolka (99791d25-cc6a-40d5-9fab-db8d91e26277): или нечего ненад
[17:44:26] gluck97 (6e22b281-f6f7-4195-adf6-e456b6680156): фиг его знает
[17:44:32] VladDoor (f83aa885-2487-4295-b366-193cd21d8701): у кого есть дракониевые ядра
[17:44:36] Apt_bolka (99791d25-cc6a-40d5-9fab-db8d91e26277): +
[17:44:40] VladDoor (f83aa885-2487-4295-b366-193cd21d8701): есть?
[17:44:45] Apt_bolka (99791d25-cc6a-40d5-9fab-db8d91e26277): я не дома
[17:44:51] Apt_bolka (99791d25-cc6a-40d5-9fab-db8d91e26277): щяс тепнусь
[17:44:58] VladDoor (f83aa885-2487-4295-b366-193cd21d8701): дай штук 5
[17:45:02] Apt_bolka (99791d25-cc6a-40d5-9fab-db8d91e26277): Такс ну я вам позже подарю что то спасибо за слиток
[17:45:05] Apt_bolka (99791d25-cc6a-40d5-9fab-db8d91e26277): тп
[17:45:07] gluck97 (6e22b281-f6f7-4195-adf6-e456b6680156): ок
[17:45:23] VladDoor (f83aa885-2487-4295-b366-193cd21d8701): дюп с помощью ядер
[17:45:40] Apt_bolka (99791d25-cc6a-40d5-9fab-db8d91e26277): раздюпаешь
[17:45:42] VladDoor (f83aa885-2487-4295-b366-193cd21d8701): ок
[17:58:50] VladDoor (f83aa885-2487-4295-b366-193cd21d8701): спатки
[17:58:57] Apt_bolka (99791d25-cc6a-40d5-9fab-db8d91e26277): ты?
[17:59:08] VladDoor (f83aa885-2487-4295-b366-193cd21d8701): ложитесь кто в мире обычном
[17:59:12] Apt_bolka (99791d25-cc6a-40d5-9fab-db8d91e26277): аа
[17:59:16] Apt_bolka (99791d25-cc6a-40d5-9fab-db8d91e26277): аа не я в майнинг
[17:59:17] VladDoor (f83aa885-2487-4295-b366-193cd21d8701): спс
[17:59:30] Apt_bolka (99791d25-cc6a-40d5-9fab-db8d91e26277): майнинг мир имба
[17:59:38] VladDoor (f83aa885-2487-4295-b366-193cd21d8701): можно ли сделать автокрафт астрала?
[17:59:42] Apt_bolka (99791d25-cc6a-40d5-9fab-db8d91e26277): да
[17:59:45] Apt_bolka (99791d25-cc6a-40d5-9fab-db8d91e26277): Пакет астрал
[17:59:57] VladDoor (f83aa885-2487-4295-b366-193cd21d8701): всм
[18:00:07] Apt_bolka (99791d25-cc6a-40d5-9fab-db8d91e26277): ну есть мод такой Пакет авто
[18:00:11] Apt_bolka (99791d25-cc6a-40d5-9fab-db8d91e26277): и аддоны к нему
[18:00:19] Apt_bolka (99791d25-cc6a-40d5-9fab-db8d91e26277): Пакет астрал и пакет аваридия
[18:00:31] VladDoor (f83aa885-2487-4295-b366-193cd21d8701): packaged
[18:00:50] VladDoor (f83aa885-2487-4295-b366-193cd21d8701): понял
[18:01:16] VladDoor (f83aa885-2487-4295-b366-193cd21d8701): для их структура тоже нужна?
[18:01:22] Apt_bolka (99791d25-cc6a-40d5-9fab-db8d91e26277): Вроде да
[18:07:24] Shick (1e509a89-d5e1-4571-bec0-bbd919826fe9): Есть у кого пластик ?
[18:08:31] Apt_bolka (99791d25-cc6a-40d5-9fab-db8d91e26277): у меня
[18:08:52] Apt_bolka (99791d25-cc6a-40d5-9fab-db8d91e26277): давай
[18:08:58] Shick (1e509a89-d5e1-4571-bec0-bbd919826fe9): За что?
[18:09:03] Apt_bolka (99791d25-cc6a-40d5-9fab-db8d91e26277): хз что есть?
[18:10:27] Apt_bolka (99791d25-cc6a-40d5-9fab-db8d91e26277): ммм есть молька?
[18:10:33] Shick (1e509a89-d5e1-4571-bec0-bbd919826fe9): -
[18:10:40] Apt_bolka (99791d25-cc6a-40d5-9fab-db8d91e26277): Простой корпус?
[18:10:42] Shick (1e509a89-d5e1-4571-bec0-bbd919826fe9): Тпнись да посмотри как живу
[18:10:52] VladDoor (f83aa885-2487-4295-b366-193cd21d8701): механизма?
[18:10:53] Shick (1e509a89-d5e1-4571-bec0-bbd919826fe9): нихуя ты
[18:10:56] Shick (1e509a89-d5e1-4571-bec0-bbd919826fe9): а
[18:10:59] VladDoor (f83aa885-2487-4295-b366-193cd21d8701): корпус механизма?
[18:11:02] Shick (1e509a89-d5e1-4571-bec0-bbd919826fe9): не
[18:11:09] Shick (1e509a89-d5e1-4571-bec0-bbd919826fe9): мне пластик надо
[18:11:19] Apt_bolka (99791d25-cc6a-40d5-9fab-db8d91e26277): лан потом дашь что то
[18:11:20] Shick (1e509a89-d5e1-4571-bec0-bbd919826fe9): чтобы завод сделать
[18:11:24] Shick (1e509a89-d5e1-4571-bec0-bbd919826fe9): сплавов
[18:11:26] Apt_bolka (99791d25-cc6a-40d5-9fab-db8d91e26277): На пока что
[18:11:31] Shick (1e509a89-d5e1-4571-bec0-bbd919826fe9): ох
[18:11:42] Shick (1e509a89-d5e1-4571-bec0-bbd919826fe9): а что могу дать?
[18:11:51] Apt_bolka (99791d25-cc6a-40d5-9fab-db8d91e26277): хз можешь потом что то дать
[18:11:57] Shick (1e509a89-d5e1-4571-bec0-bbd919826fe9): ты развит?
[18:12:04] Apt_bolka (99791d25-cc6a-40d5-9fab-db8d91e26277): ну как сказать
[18:12:12] Apt_bolka (99791d25-cc6a-40d5-9fab-db8d91e26277): пон?
[18:12:15] Shick (1e509a89-d5e1-4571-bec0-bbd919826fe9): могу хлеба дать его дахуя)
[18:12:18] Shick (1e509a89-d5e1-4571-bec0-bbd919826fe9): а ну вив броня
[18:12:20] Apt_bolka (99791d25-cc6a-40d5-9fab-db8d91e26277): пон?
[18:12:20] Shick (1e509a89-d5e1-4571-bec0-bbd919826fe9): норм
[18:12:42] Apt_bolka (99791d25-cc6a-40d5-9fab-db8d91e26277): пхпхп
[18:12:45] Apt_bolka (99791d25-cc6a-40d5-9fab-db8d91e26277): нормик
[18:12:47] Shick (1e509a89-d5e1-4571-bec0-bbd919826fe9): )
[18:12:50] Shick (1e509a89-d5e1-4571-bec0-bbd919826fe9): тимейт ебу дал
[18:12:56] Shick (1e509a89-d5e1-4571-bec0-bbd919826fe9): вот и пишет
[18:12:58] Apt_bolka (99791d25-cc6a-40d5-9fab-db8d91e26277): ну таум он такой
[18:13:03] Shick (1e509a89-d5e1-4571-bec0-bbd919826fe9): ты его не прошел?
[18:13:04] Apt_bolka (99791d25-cc6a-40d5-9fab-db8d91e26277): я отойду
[18:13:11] Apt_bolka (99791d25-cc6a-40d5-9fab-db8d91e26277): он в квестах выдаётся
[18:13:12] Shick (1e509a89-d5e1-4571-bec0-bbd919826fe9): в квестах его забрать можно
[18:13:15] Apt_bolka (99791d25-cc6a-40d5-9fab-db8d91e26277): Весь изученный
[18:15:58] Apt_bolka (99791d25-cc6a-40d5-9fab-db8d91e26277): я вернулся
[18:16:04] Shick (1e509a89-d5e1-4571-bec0-bbd919826fe9): угу
[18:16:23] Apt_bolka (99791d25-cc6a-40d5-9fab-db8d91e26277): что у меня с интернетом..
[18:16:30] Shick (1e509a89-d5e1-4571-bec0-bbd919826fe9): хз
[18:16:33] Apt_bolka (99791d25-cc6a-40d5-9fab-db8d91e26277): Ебанный интернекон
[18:16:38] Shick (1e509a89-d5e1-4571-bec0-bbd919826fe9): мб пинг ебу дал
[18:16:41] Apt_bolka (99791d25-cc6a-40d5-9fab-db8d91e26277): Переебу там каждого
[18:16:57] Shick (1e509a89-d5e1-4571-bec0-bbd919826fe9): у мменя тоже инет 2 день мозги ебет
[18:17:04] Shick (1e509a89-d5e1-4571-bec0-bbd919826fe9): то офнут его
[18:17:11] Shick (1e509a89-d5e1-4571-bec0-bbd919826fe9): то сука 5 мбит в секунду сука
[18:17:26] Apt_bolka (99791d25-cc6a-40d5-9fab-db8d91e26277): у меня вопше 211 кб в секунду
[18:17:33] Apt_bolka (99791d25-cc6a-40d5-9fab-db8d91e26277): даже мегабайт ели набирает
[18:17:34] Shick (1e509a89-d5e1-4571-bec0-bbd919826fe9): ооооо
[18:17:36] Shick (1e509a89-d5e1-4571-bec0-bbd919826fe9): помянем
[18:17:36] VladDoor (f83aa885-2487-4295-b366-193cd21d8701): инет?
[18:17:40] Shick (1e509a89-d5e1-4571-bec0-bbd919826fe9): у меня 10мбит
[18:17:43] Shick (1e509a89-d5e1-4571-bec0-bbd919826fe9): 100мбит
[18:18:08] Apt_bolka (99791d25-cc6a-40d5-9fab-db8d91e26277): я щяс макарошки кушаю
[18:18:14] Shick (1e509a89-d5e1-4571-bec0-bbd919826fe9): приятного
[18:18:15] Nergaloff (88da800e-1614-4c65-ace8-c18f7e99e914): приятного
[18:18:20] Apt_bolka (99791d25-cc6a-40d5-9fab-db8d91e26277): спасибки
[18:19:29] Apt_bolka (99791d25-cc6a-40d5-9fab-db8d91e26277): всё покушал
[18:19:36] Shick (1e509a89-d5e1-4571-bec0-bbd919826fe9): молодец)
[18:19:57] Apt_bolka (99791d25-cc6a-40d5-9fab-db8d91e26277): Схемы николы тесла
[18:20:05] Apt_bolka (99791d25-cc6a-40d5-9fab-db8d91e26277): ммм дробление
[18:20:14] Shick (1e509a89-d5e1-4571-bec0-bbd919826fe9): ясень хуй
[18:20:18] Shick (1e509a89-d5e1-4571-bec0-bbd919826fe9): николы теслы
[18:20:20] Shick (1e509a89-d5e1-4571-bec0-bbd919826fe9): сам он делал
[18:20:22] Apt_bolka (99791d25-cc6a-40d5-9fab-db8d91e26277): хпхпхп
[18:20:23] Shick (1e509a89-d5e1-4571-bec0-bbd919826fe9): подсказывал)
[18:20:47] Apt_bolka (99791d25-cc6a-40d5-9fab-db8d91e26277): когда бюджет на трубы закончился
[18:20:52] Shick (1e509a89-d5e1-4571-bec0-bbd919826fe9): кхм.
[18:20:58] Shick (1e509a89-d5e1-4571-bec0-bbd919826fe9): о
[18:20:59] Shick (1e509a89-d5e1-4571-bec0-bbd919826fe9): бл
[18:21:03] Shick (1e509a89-d5e1-4571-bec0-bbd919826fe9): у меня все розовое
[18:21:08] Apt_bolka (99791d25-cc6a-40d5-9fab-db8d91e26277): пхпхп
[18:21:11] Apt_bolka (99791d25-cc6a-40d5-9fab-db8d91e26277): накурился?
[18:21:14] Shick (1e509a89-d5e1-4571-bec0-bbd919826fe9): я ебу
[18:21:17] Shick (1e509a89-d5e1-4571-bec0-bbd919826fe9): пиздец
[18:21:19] Shick (1e509a89-d5e1-4571-bec0-bbd919826fe9): кхм.
[18:21:19] Apt_bolka (99791d25-cc6a-40d5-9fab-db8d91e26277): хпхпхп
[18:21:25] Shick (1e509a89-d5e1-4571-bec0-bbd919826fe9): че за хуйня
[18:21:29] Apt_bolka (99791d25-cc6a-40d5-9fab-db8d91e26277): жизнь в розовых очках
[18:21:41] Apt_bolka (99791d25-cc6a-40d5-9fab-db8d91e26277): шлем сними может душно стало
[18:21:46] Apt_bolka (99791d25-cc6a-40d5-9fab-db8d91e26277): Розовым всё накрыло
[18:22:04] Shick (1e509a89-d5e1-4571-bec0-bbd919826fe9): как эту хуету выключить
[18:22:11] Shick (1e509a89-d5e1-4571-bec0-bbd919826fe9): не это не шлем
[18:22:18] Apt_bolka (99791d25-cc6a-40d5-9fab-db8d91e26277): как моя мать говорила куда нажал туда и нажымай
[18:22:26] Shick (1e509a89-d5e1-4571-bec0-bbd919826fe9): ну впринципе логично
[18:22:38] Apt_bolka (99791d25-cc6a-40d5-9fab-db8d91e26277): накрыло?
[18:22:38] Shick (1e509a89-d5e1-4571-bec0-bbd919826fe9): не помогло
[18:22:49] Shick (1e509a89-d5e1-4571-bec0-bbd919826fe9): у меня все нахуй розовое
[18:22:49] Apt_bolka (99791d25-cc6a-40d5-9fab-db8d91e26277): ну всё ты дальтольник поздровляю
[18:22:58] Shick (1e509a89-d5e1-4571-bec0-bbd919826fe9): спасибо(
[18:23:02] Apt_bolka (99791d25-cc6a-40d5-9fab-db8d91e26277): Можешь в чат кинуть афтер лайфа?
[18:23:05] Apt_bolka (99791d25-cc6a-40d5-9fab-db8d91e26277): хочу посмотреть
[18:23:05] Shick (1e509a89-d5e1-4571-bec0-bbd919826fe9): ща
[18:23:34] Apt_bolka (99791d25-cc6a-40d5-9fab-db8d91e26277): ну могу посоветовать переустановить лаунчер
[18:23:47] Shick (1e509a89-d5e1-4571-bec0-bbd919826fe9): не было такого
[18:23:51] Shick (1e509a89-d5e1-4571-bec0-bbd919826fe9): я стоял с тобой разговаривал
[18:23:53] Shick (1e509a89-d5e1-4571-bec0-bbd919826fe9): хуяк
[18:23:54] Shick (1e509a89-d5e1-4571-bec0-bbd919826fe9): я гей
[18:24:08] Apt_bolka (99791d25-cc6a-40d5-9fab-db8d91e26277): текстурки сломались
[18:24:14] Shick (1e509a89-d5e1-4571-bec0-bbd919826fe9): я вижу(
[18:24:16] Shick (1e509a89-d5e1-4571-bec0-bbd919826fe9): пздц
[18:24:22] Apt_bolka (99791d25-cc6a-40d5-9fab-db8d91e26277): ну советую преустановить лаунчер
[18:24:28] Shick (1e509a89-d5e1-4571-bec0-bbd919826fe9): эх
[18:24:54] Apt_bolka (99791d25-cc6a-40d5-9fab-db8d91e26277): ты написал что делать ну снимай трусы и бегай
[18:25:01] Apt_bolka (99791d25-cc6a-40d5-9fab-db8d91e26277): пххпхп
[18:25:09] Apt_bolka (99791d25-cc6a-40d5-9fab-db8d91e26277): помогло?
[18:25:12] Shick (1e509a89-d5e1-4571-bec0-bbd919826fe9): нет(
[18:25:22] Apt_bolka (99791d25-cc6a-40d5-9fab-db8d91e26277): о госполи
[18:25:28] Apt_bolka (99791d25-cc6a-40d5-9fab-db8d91e26277): кощей бесметрный
[18:25:34] Apt_bolka (99791d25-cc6a-40d5-9fab-db8d91e26277): реал
[18:25:35] Apt_bolka (99791d25-cc6a-40d5-9fab-db8d91e26277): кощей бесметрный
[18:25:51] Apt_bolka (99791d25-cc6a-40d5-9fab-db8d91e26277): у меня иголки нету
[18:26:14] LucKefir (4e9a468e-dcee-4495-981b-16afc62515ef): )))
[18:26:24] Shick (1e509a89-d5e1-4571-bec0-bbd919826fe9): а
[18:26:25] Apt_bolka (99791d25-cc6a-40d5-9fab-db8d91e26277): б
[18:26:27] Shick (1e509a89-d5e1-4571-bec0-bbd919826fe9): дак ты владелец что ли
[18:26:33] Apt_bolka (99791d25-cc6a-40d5-9fab-db8d91e26277): я хранитель
[18:26:36] Apt_bolka (99791d25-cc6a-40d5-9fab-db8d91e26277): а не владелец
[18:26:45] Shick (1e509a89-d5e1-4571-bec0-bbd919826fe9): пздц
[18:26:46] Apt_bolka (99791d25-cc6a-40d5-9fab-db8d91e26277): админ сервера Apt_wold
[18:26:56] Shick (1e509a89-d5e1-4571-bec0-bbd919826fe9): а ты апт болка
[18:26:58] Apt_bolka (99791d25-cc6a-40d5-9fab-db8d91e26277): да
[18:27:01] Shick (1e509a89-d5e1-4571-bec0-bbd919826fe9): девочка что ли?)
[18:27:06] Apt_bolka (99791d25-cc6a-40d5-9fab-db8d91e26277): Конечно
[18:27:08] Shick (1e509a89-d5e1-4571-bec0-bbd919826fe9): типо болка
[18:27:11] Shick (1e509a89-d5e1-4571-bec0-bbd919826fe9): а не болк
[18:27:18] Apt_bolka (99791d25-cc6a-40d5-9fab-db8d91e26277): С сюрпризом в штанах
[18:27:21] Shick (1e509a89-d5e1-4571-bec0-bbd919826fe9): кхм.
[18:27:33] Apt_bolka (99791d25-cc6a-40d5-9fab-db8d91e26277): можешь в войс?
[18:27:40] Shick (1e509a89-d5e1-4571-bec0-bbd919826fe9): а зачем?)
[18:27:41] Apt_bolka (99791d25-cc6a-40d5-9fab-db8d91e26277): будем чинить твою поеботу
[18:27:45] Shick (1e509a89-d5e1-4571-bec0-bbd919826fe9): а ну го
[18:28:04] Apt_bolka (99791d25-cc6a-40d5-9fab-db8d91e26277): я в первом
[18:28:47] VladDoor (f83aa885-2487-4295-b366-193cd21d8701): с кайфом че
[18:29:07] Shick (1e509a89-d5e1-4571-bec0-bbd919826fe9): кхм.
[18:33:33] Shick (1e509a89-d5e1-4571-bec0-bbd919826fe9): d
[18:33:34] Shick (1e509a89-d5e1-4571-bec0-bbd919826fe9): s
[18:35:08] Apt_bolka (99791d25-cc6a-40d5-9fab-db8d91e26277): Норм
[18:35:15] VladDoor (f83aa885-2487-4295-b366-193cd21d8701): ну да
[18:35:15] Apt_bolka (99791d25-cc6a-40d5-9fab-db8d91e26277): у меня уже есть яйца)
[18:35:22] VladDoor (f83aa885-2487-4295-b366-193cd21d8701): но пузырьков нету
[18:35:22] Apt_bolka (99791d25-cc6a-40d5-9fab-db8d91e26277): а за дыхани спс
[18:35:24] LucKefir (4e9a468e-dcee-4495-981b-16afc62515ef): разве?
[18:37:00] Apt_bolka (99791d25-cc6a-40d5-9fab-db8d91e26277): +
[18:38:15] Apt_bolka (99791d25-cc6a-40d5-9fab-db8d91e26277): тп
[18:38:41] [CAPS] VladDoor (f83aa885-2487-4295-b366-193cd21d8701): f{f{{f
[18:38:43] [CAPS] VladDoor (f83aa885-2487-4295-b366-193cd21d8701): ахахаахах
[18:38:45] [CAPS] VladDoor (f83aa885-2487-4295-b366-193cd21d8701): ахахахах
[18:39:02] Apt_bolka (99791d25-cc6a-40d5-9fab-db8d91e26277): на
[18:39:09] VladDoor (f83aa885-2487-4295-b366-193cd21d8701): спс
[18:39:12] VladDoor (f83aa885-2487-4295-b366-193cd21d8701): а че это к
[18:39:17] Apt_bolka (99791d25-cc6a-40d5-9fab-db8d91e26277): Мэ провод
[18:39:19] VladDoor (f83aa885-2487-4295-b366-193cd21d8701): плотная ме труба
[18:39:26] VladDoor (f83aa885-2487-4295-b366-193cd21d8701): из эндер ио?
[18:39:28] Apt_bolka (99791d25-cc6a-40d5-9fab-db8d91e26277): да
[18:39:33] Apt_bolka (99791d25-cc6a-40d5-9fab-db8d91e26277): работает как аплайд
[18:39:42] VladDoor (f83aa885-2487-4295-b366-193cd21d8701): у нее типа шины импорта?
[18:39:45] Apt_bolka (99791d25-cc6a-40d5-9fab-db8d91e26277): нет
[18:39:51] Apt_bolka (99791d25-cc6a-40d5-9fab-db8d91e26277): просто как провод из аплейда
[18:40:06] VladDoor (f83aa885-2487-4295-b366-193cd21d8701): дай штуку еще ее :)
[18:40:17] VladDoor (f83aa885-2487-4295-b366-193cd21d8701): у нее типа каналов нету?
[18:40:50] Apt_bolka (99791d25-cc6a-40d5-9fab-db8d91e26277): на
[18:41:08] VladDoor (f83aa885-2487-4295-b366-193cd21d8701): труба
[18:41:26] Apt_bolka (99791d25-cc6a-40d5-9fab-db8d91e26277): на
[18:41:28] VladDoor (f83aa885-2487-4295-b366-193cd21d8701): спс
[18:41:35] VladDoor (f83aa885-2487-4295-b366-193cd21d8701): но она пропала
[18:41:41] VladDoor (f83aa885-2487-4295-b366-193cd21d8701): XD
[18:41:53] VladDoor (f83aa885-2487-4295-b366-193cd21d8701): святой человек
[18:43:31] Shick (1e509a89-d5e1-4571-bec0-bbd919826fe9): ебашь
[18:43:37] Shick (1e509a89-d5e1-4571-bec0-bbd919826fe9): ща дюпать будем
[18:50:43] VladDoor (f83aa885-2487-4295-b366-193cd21d8701): ложись спать
[18:50:46] VladDoor (f83aa885-2487-4295-b366-193cd21d8701): пупс
[18:50:59] VladDoor (f83aa885-2487-4295-b366-193cd21d8701): спс
[18:51:31] Nergaloff (88da800e-1614-4c65-ace8-c18f7e99e914): бляяя только не форестри
[18:51:34] Nergaloff (88da800e-1614-4c65-ace8-c18f7e99e914): только не пчелы
[18:52:42] Apt_bolka (99791d25-cc6a-40d5-9fab-db8d91e26277): пизда ем..
[18:53:10] Nergaloff (88da800e-1614-4c65-ace8-c18f7e99e914): как же насрано
[18:54:12] Nergaloff (88da800e-1614-4c65-ace8-c18f7e99e914): так вот че у тебя пинг 2к
[18:56:23] Nergaloff (88da800e-1614-4c65-ace8-c18f7e99e914): кто-то знает как увеличить выход конвертера энергии?
[18:56:31] VladDoor (f83aa885-2487-4295-b366-193cd21d8701): трансформаторы
[18:56:47] Apt_bolka (99791d25-cc6a-40d5-9fab-db8d91e26277): трансформеры
[18:56:53] VladDoor (f83aa885-2487-4295-b366-193cd21d8701): или провода от источника другого получше сделай
[18:57:07] Apt_bolka (99791d25-cc6a-40d5-9fab-db8d91e26277): позави трансформеров
[19:10:51] Apt_bolka (99791d25-cc6a-40d5-9fab-db8d91e26277): Могбы просто не так раздилённо сказать мог бы просто сказать пошли нахуй
[19:11:36] LucKefir (4e9a468e-dcee-4495-981b-16afc62515ef): тебя что-то не устраивает, я ж не туниядец, протирающий каждый день штаны в этой игре
[19:11:54] LucKefir (4e9a468e-dcee-4495-981b-16afc62515ef): меня такие разговоры утомляют
[19:12:03] Apt_bolka (99791d25-cc6a-40d5-9fab-db8d91e26277): хорошо кощей
[19:12:37] Apt_bolka (99791d25-cc6a-40d5-9fab-db8d91e26277): +
[19:12:43] LucKefir (4e9a468e-dcee-4495-981b-16afc62515ef): я пришёл отдохнуть, а не для того, чтобы какой-то хмырь мне лил говно в уши
[19:13:14] Apt_bolka (99791d25-cc6a-40d5-9fab-db8d91e26277): уф, мисье будьте вежливее мне кажется вы слишком много употребляете негатвнуюю сторону ко мне
[19:13:31] Apt_bolka (99791d25-cc6a-40d5-9fab-db8d91e26277): щя сек влад
[19:13:35] VladDoor (f83aa885-2487-4295-b366-193cd21d8701): ок
[19:13:35] Apt_bolka (99791d25-cc6a-40d5-9fab-db8d91e26277): у меня тут битва разумов
[19:13:45] Shick (1e509a89-d5e1-4571-bec0-bbd919826fe9): 1 ебет другой дразнится хахахах
[19:13:50] Apt_bolka (99791d25-cc6a-40d5-9fab-db8d91e26277): хаххаа
[19:13:57] VladDoor (f83aa885-2487-4295-b366-193cd21d8701): у тебя есть всякие там стопки и т.п. модули
[19:13:59] Apt_bolka (99791d25-cc6a-40d5-9fab-db8d91e26277): ты же в магаз Shick?
[19:14:02] Shick (1e509a89-d5e1-4571-bec0-bbd919826fe9): ага
[19:14:04] Apt_bolka (99791d25-cc6a-40d5-9fab-db8d91e26277): есть
[19:14:13] VladDoor (f83aa885-2487-4295-b366-193cd21d8701): ок
[19:14:16] Apt_bolka (99791d25-cc6a-40d5-9fab-db8d91e26277): еба он там печатает
[19:14:28] Apt_bolka (99791d25-cc6a-40d5-9fab-db8d91e26277): или он афк..
[19:14:34] Shick (1e509a89-d5e1-4571-bec0-bbd919826fe9): афк мб
[19:14:57] Apt_bolka (99791d25-cc6a-40d5-9fab-db8d91e26277): лан я пока тепнусь домой владу дам что он там хочел
[19:15:06] LucKefir (4e9a468e-dcee-4495-981b-16afc62515ef): а что мне тебе говорить, ты ж упёртый как баран, будешь на своём настаивать
[19:15:21] Apt_bolka (99791d25-cc6a-40d5-9fab-db8d91e26277): потом наполнишь
[19:15:24] Apt_bolka (99791d25-cc6a-40d5-9fab-db8d91e26277): что там ещё?
[19:15:24] VladDoor (f83aa885-2487-4295-b366-193cd21d8701): спс
[19:15:27] VladDoor (f83aa885-2487-4295-b366-193cd21d8701): ничего
[19:15:31] Apt_bolka (99791d25-cc6a-40d5-9fab-db8d91e26277): а модули?
[19:15:37] Apt_bolka (99791d25-cc6a-40d5-9fab-db8d91e26277): а модули?
[19:15:46] VladDoor (f83aa885-2487-4295-b366-193cd21d8701): у меня есть
[19:15:50] Apt_bolka (99791d25-cc6a-40d5-9fab-db8d91e26277): ок
[19:16:03] VladDoor (f83aa885-2487-4295-b366-193cd21d8701): Спс
[19:16:06] VladDoor (f83aa885-2487-4295-b366-193cd21d8701): за лаву
[19:16:14] VladDoor (f83aa885-2487-4295-b366-193cd21d8701): тебе вернуть или у тебя есть?
[19:16:21] Apt_bolka (99791d25-cc6a-40d5-9fab-db8d91e26277): вернуть потом желательно
[19:16:24] Apt_bolka (99791d25-cc6a-40d5-9fab-db8d91e26277): вместе с лавой
[19:16:36] VladDoor (f83aa885-2487-4295-b366-193cd21d8701): щас использую и верну
[19:16:52] Apt_bolka (99791d25-cc6a-40d5-9fab-db8d91e26277): ммм
[19:17:00] Apt_bolka (99791d25-cc6a-40d5-9fab-db8d91e26277): у меня анализаторы баганулись и пропали
[19:17:04] Apt_bolka (99791d25-cc6a-40d5-9fab-db8d91e26277): кто может одолжить?
[19:17:07] VladDoor (f83aa885-2487-4295-b366-193cd21d8701): модуль?
[19:17:16] VladDoor (f83aa885-2487-4295-b366-193cd21d8701): анализатор
[19:17:17] Apt_bolka (99791d25-cc6a-40d5-9fab-db8d91e26277): + для кв карьера
[19:17:23] Apt_bolka (99791d25-cc6a-40d5-9fab-db8d91e26277): Анализатор
[19:17:24] VladDoor (f83aa885-2487-4295-b366-193cd21d8701): одолжу щас
[19:18:09] sharpness (63a48fe2-c258-4a29-8377-dd140c168fab): \
[19:18:13] VladDoor (f83aa885-2487-4295-b366-193cd21d8701): подобрал?
[19:18:23] VladDoor (f83aa885-2487-4295-b366-193cd21d8701): что?
[19:18:33] VladDoor (f83aa885-2487-4295-b366-193cd21d8701): какую
[19:18:40] VladDoor (f83aa885-2487-4295-b366-193cd21d8701): нез
[19:18:48] VladDoor (f83aa885-2487-4295-b366-193cd21d8701): ты подобрал?
[19:18:56] VladDoor (f83aa885-2487-4295-b366-193cd21d8701): анализатор
[19:18:58] VladDoor (f83aa885-2487-4295-b366-193cd21d8701): я скинул
[19:19:01] VladDoor (f83aa885-2487-4295-b366-193cd21d8701): мб мэ всосала
[19:19:37] VladDoor (f83aa885-2487-4295-b366-193cd21d8701): :)
[19:19:45] VladDoor (f83aa885-2487-4295-b366-193cd21d8701): c др
[19:20:57] VladDoor (f83aa885-2487-4295-b366-193cd21d8701): :)
[19:21:38] VladDoor (f83aa885-2487-4295-b366-193cd21d8701): ну
[19:21:45] VladDoor (f83aa885-2487-4295-b366-193cd21d8701): да
[19:22:56] VladDoor (f83aa885-2487-4295-b366-193cd21d8701): захади в игру
[19:23:09] Apt_bolka (99791d25-cc6a-40d5-9fab-db8d91e26277): я тут
[19:23:42] Apt_bolka (99791d25-cc6a-40d5-9fab-db8d91e26277): спасиб
[19:23:46] VladDoor (f83aa885-2487-4295-b366-193cd21d8701): иди ко мне
[19:23:58] VladDoor (f83aa885-2487-4295-b366-193cd21d8701): иди ко мне
[19:24:04] VladDoor (f83aa885-2487-4295-b366-193cd21d8701): ты
[19:24:08] Apt_bolka (99791d25-cc6a-40d5-9fab-db8d91e26277): Спасибо
[19:24:09] VladDoor (f83aa885-2487-4295-b366-193cd21d8701): они с лавой
[19:24:25] VladDoor (f83aa885-2487-4295-b366-193cd21d8701): а какой ник у арбуза?
[19:24:34] Apt_bolka (99791d25-cc6a-40d5-9fab-db8d91e26277): Смысле?
[19:24:41] VladDoor (f83aa885-2487-4295-b366-193cd21d8701): ну который щас мандаринка
[19:24:55] VladDoor (f83aa885-2487-4295-b366-193cd21d8701): накину ему 2 фотонных
[19:24:58] Apt_bolka (99791d25-cc6a-40d5-9fab-db8d91e26277): не помню вроде ProSto_DS
[19:25:12] VladDoor (f83aa885-2487-4295-b366-193cd21d8701): а так я и думал\
[19:25:12] VladDoor (f83aa885-2487-4295-b366-193cd21d8701): а так я и думал\
[19:25:24] VladDoor (f83aa885-2487-4295-b366-193cd21d8701): я ему и так дал фотонный ген)
[19:25:33] VladDoor (f83aa885-2487-4295-b366-193cd21d8701): еба ты xD
[19:25:38] Apt_bolka (99791d25-cc6a-40d5-9fab-db8d91e26277): пххппх
[19:25:50] VladDoor (f83aa885-2487-4295-b366-193cd21d8701): ты снизу еще фотонные поставь
[19:25:57] Apt_bolka (99791d25-cc6a-40d5-9fab-db8d91e26277): Можно но лень
[19:25:59] VladDoor (f83aa885-2487-4295-b366-193cd21d8701): скинь 2 штучки
[19:26:03] Apt_bolka (99791d25-cc6a-40d5-9fab-db8d91e26277): д и нечего не даёт
[19:26:12] Apt_bolka (99791d25-cc6a-40d5-9fab-db8d91e26277): 9к Уже кристалов..
[19:26:17] VladDoor (f83aa885-2487-4295-b366-193cd21d8701): заебись
[19:26:17] Apt_bolka (99791d25-cc6a-40d5-9fab-db8d91e26277): Истинных
[19:26:21] VladDoor (f83aa885-2487-4295-b366-193cd21d8701): я кста буду делать стеклишки
[19:26:22] VladDoor (f83aa885-2487-4295-b366-193cd21d8701): и тд
[19:26:28] VladDoor (f83aa885-2487-4295-b366-193cd21d8701): не из кварца а из ае кварца
[19:26:33] VladDoor (f83aa885-2487-4295-b366-193cd21d8701): дай 2 генератора
[19:26:34] Apt_bolka (99791d25-cc6a-40d5-9fab-db8d91e26277): норм
[19:26:37] Apt_bolka (99791d25-cc6a-40d5-9fab-db8d91e26277): Каких?
[19:26:38] VladDoor (f83aa885-2487-4295-b366-193cd21d8701): я случайно все скинул
[19:26:40] VladDoor (f83aa885-2487-4295-b366-193cd21d8701): фотонных
[19:26:50] VladDoor (f83aa885-2487-4295-b366-193cd21d8701): я тебе скинул
[19:27:08] VladDoor (f83aa885-2487-4295-b366-193cd21d8701): и пол стака анализаторов
[19:27:09] VladDoor (f83aa885-2487-4295-b366-193cd21d8701): скинул
[19:27:21] Apt_bolka (99791d25-cc6a-40d5-9fab-db8d91e26277): вот
[19:27:28] VladDoor (f83aa885-2487-4295-b366-193cd21d8701): тебе
[19:27:30] VladDoor (f83aa885-2487-4295-b366-193cd21d8701): что бы поставил
[19:27:31] Apt_bolka (99791d25-cc6a-40d5-9fab-db8d91e26277): а спаси
[19:27:49] VladDoor (f83aa885-2487-4295-b366-193cd21d8701): пойду дальше делать миллион анализторов миллионы лавы и
[19:27:55] Apt_bolka (99791d25-cc6a-40d5-9fab-db8d91e26277): сек перезайду
[19:27:57] VladDoor (f83aa885-2487-4295-b366-193cd21d8701): миллион кв фотонных
[19:28:47] VladDoor (f83aa885-2487-4295-b366-193cd21d8701): поч
[19:28:52] VladDoor (f83aa885-2487-4295-b366-193cd21d8701): ждем
[19:29:16] VladDoor (f83aa885-2487-4295-b366-193cd21d8701): дефолт
[19:39:30] sharpness (63a48fe2-c258-4a29-8377-dd140c168fab): Где тут квесты?
[19:39:37] VladDoor (f83aa885-2487-4295-b366-193cd21d8701): Е
[19:39:43] VladDoor (f83aa885-2487-4295-b366-193cd21d8701): и сверху слева
[19:39:49] VladDoor (f83aa885-2487-4295-b366-193cd21d8701): книжечка
[19:40:50] VladDoor (f83aa885-2487-4295-b366-193cd21d8701): кайф че
[19:59:24] sharpness (63a48fe2-c258-4a29-8377-dd140c168fab): Почему прочтость 1 на железных предметах?
[19:59:34] VladDoor (f83aa885-2487-4295-b366-193cd21d8701): на всех
[19:59:39] VladDoor (f83aa885-2487-4295-b366-193cd21d8701): не ток железных
[19:59:42] VladDoor (f83aa885-2487-4295-b366-193cd21d8701): начало это тинкер
[20:02:25] Shick (1e509a89-d5e1-4571-bec0-bbd919826fe9): Куплю изумруд
[20:07:29] Apt_bolka (99791d25-cc6a-40d5-9fab-db8d91e26277): ура я тут
[20:07:34] Apt_bolka (99791d25-cc6a-40d5-9fab-db8d91e26277): кристала no
[20:07:40] Apt_bolka (99791d25-cc6a-40d5-9fab-db8d91e26277): сори я отойду
[20:07:40] VladDoor (f83aa885-2487-4295-b366-193cd21d8701): (
[20:07:43] Apt_bolka (99791d25-cc6a-40d5-9fab-db8d91e26277): на минут 10
[20:07:47] VladDoor (f83aa885-2487-4295-b366-193cd21d8701): ok
[20:10:08] VladDoor (f83aa885-2487-4295-b366-193cd21d8701): у кого то есть арбузик?
[20:11:16] VladDoor (f83aa885-2487-4295-b366-193cd21d8701): я не помню корды
[20:11:21] VladDoor (f83aa885-2487-4295-b366-193cd21d8701): аа
[20:11:22] VladDoor (f83aa885-2487-4295-b366-193cd21d8701): да
[20:11:41] VladDoor (f83aa885-2487-4295-b366-193cd21d8701): я возьму сделаю косарик фермой и все
[20:11:46] VladDoor (f83aa885-2487-4295-b366-193cd21d8701): и верну
[20:14:22] VladDoor (f83aa885-2487-4295-b366-193cd21d8701): ну один арбузик думаю не жалко ему
[20:14:25] VladDoor (f83aa885-2487-4295-b366-193cd21d8701): надеюсь на это
[20:22:15] sharpness (63a48fe2-c258-4a29-8377-dd140c168fab): Нефть подойдет чтобы тинкерпечку запитать?
[20:22:28] VladDoor (f83aa885-2487-4295-b366-193cd21d8701): лава
[20:22:30] VladDoor (f83aa885-2487-4295-b366-193cd21d8701): лучше всего
[20:22:35] Shick (1e509a89-d5e1-4571-bec0-bbd919826fe9): пиротэум самое пиздатое
[20:22:37] Shick (1e509a89-d5e1-4571-bec0-bbd919826fe9): А так лава
[20:22:45] Nergaloff (88da800e-1614-4c65-ace8-c18f7e99e914): нефть вроде не подходит
[20:26:05] Apt_bolka (99791d25-cc6a-40d5-9fab-db8d91e26277): вернулся
[20:26:48] Apt_bolka (99791d25-cc6a-40d5-9fab-db8d91e26277): у меня 10к их
[20:26:56] Apt_bolka (99791d25-cc6a-40d5-9fab-db8d91e26277): 11*
[20:27:22] Apt_bolka (99791d25-cc6a-40d5-9fab-db8d91e26277): аа таких не
[20:27:32] Apt_bolka (99791d25-cc6a-40d5-9fab-db8d91e26277): я отойду
[20:35:08] Apt_bolka (99791d25-cc6a-40d5-9fab-db8d91e26277): Влад Кристалики дашь?)
[20:35:13] VladDoor (f83aa885-2487-4295-b366-193cd21d8701): щас делаю все
[20:35:22] Apt_bolka (99791d25-cc6a-40d5-9fab-db8d91e26277): ок
[20:36:59] Apt_bolka (99791d25-cc6a-40d5-9fab-db8d91e26277): привет
[20:37:15] VladDoor (f83aa885-2487-4295-b366-193cd21d8701): ебал пинг в рот
[20:37:17] VladDoor (f83aa885-2487-4295-b366-193cd21d8701): блоки нахуй не ставятся
[20:37:25] VladDoor (f83aa885-2487-4295-b366-193cd21d8701): просто пиздец
[20:37:32] Apt_bolka (99791d25-cc6a-40d5-9fab-db8d91e26277): факты
[20:37:55] VladDoor (f83aa885-2487-4295-b366-193cd21d8701): блядство ебаное еще тепает назад
[20:38:06] VladDoor (f83aa885-2487-4295-b366-193cd21d8701): 8к Ахуеть
[20:39:25] VladDoor (f83aa885-2487-4295-b366-193cd21d8701): а че все поливали
[20:46:00] Apt_bolka (99791d25-cc6a-40d5-9fab-db8d91e26277): фух
[20:46:05] Apt_bolka (99791d25-cc6a-40d5-9fab-db8d91e26277): такс блять
[20:46:10] Apt_bolka (99791d25-cc6a-40d5-9fab-db8d91e26277): Он может щяс успокоится
[20:46:10] Shick (1e509a89-d5e1-4571-bec0-bbd919826fe9): _))))
[20:46:15] Apt_bolka (99791d25-cc6a-40d5-9fab-db8d91e26277): Он может щяс успокоится
[20:47:45] Apt_bolka (99791d25-cc6a-40d5-9fab-db8d91e26277): если я заберу то тогда у меня хуйня будет
[20:49:10] VladDoor (f83aa885-2487-4295-b366-193cd21d8701): не ссыте пж на интернетовские провода
[20:49:31] VladDoor (f83aa885-2487-4295-b366-193cd21d8701): у чела 20 гб озу
[20:49:41] VladDoor (f83aa885-2487-4295-b366-193cd21d8701): он за секу заходит
[20:50:58] VladDoor (f83aa885-2487-4295-b366-193cd21d8701): а че увас
[20:51:30] VladDoor (f83aa885-2487-4295-b366-193cd21d8701): поч не заходит
[20:52:23] VladDoor (f83aa885-2487-4295-b366-193cd21d8701): каких
[20:52:49] VladDoor (f83aa885-2487-4295-b366-193cd21d8701): ЛЕжит предметов?
[20:53:14] VladDoor (f83aa885-2487-4295-b366-193cd21d8701): чего нахуй?
[20:53:33] VladDoor (f83aa885-2487-4295-b366-193cd21d8701): корды вашей базы
[20:54:11] VladDoor (f83aa885-2487-4295-b366-193cd21d8701): а откуда нахуй
[21:06:23] Apt_bolka (99791d25-cc6a-40d5-9fab-db8d91e26277): аптечка
[21:11:25] Apt_bolka (99791d25-cc6a-40d5-9fab-db8d91e26277): Аптечка Открой дс
[21:11:31] Apt_bolka (99791d25-cc6a-40d5-9fab-db8d91e26277): не надо ебать мозги
[21:11:39] Apt_bolka (99791d25-cc6a-40d5-9fab-db8d91e26277): Сделай Откат
[21:16:24] Apt_bolka (99791d25-cc6a-40d5-9fab-db8d91e26277): Спасиб за халявный редстун
[21:16:32] Apt_bolka (99791d25-cc6a-40d5-9fab-db8d91e26277): Аптечка сделай просто бекап
[21:19:48] Apt_bolka (99791d25-cc6a-40d5-9fab-db8d91e26277): Аптчека зайди блять в ебучий войс обьясним вс
[21:32:00] Apt_bolka (99791d25-cc6a-40d5-9fab-db8d91e26277): бекап будет?
[21:35:25] AETERNAL (6015b02d-f272-4154-8209-5e3b23bbc09c): Shick
[21:35:28] AETERNAL (6015b02d-f272-4154-8209-5e3b23bbc09c): дюпал?
[21:35:42] Shick (1e509a89-d5e1-4571-bec0-bbd919826fe9): ну...
[21:36:07] Apt_bolka (99791d25-cc6a-40d5-9fab-db8d91e26277): стой
[21:36:10] Apt_bolka (99791d25-cc6a-40d5-9fab-db8d91e26277): Такс
[21:36:15] Apt_bolka (99791d25-cc6a-40d5-9fab-db8d91e26277): ты видел сообщения в дс?
[21:36:20] Apt_bolka (99791d25-cc6a-40d5-9fab-db8d91e26277): что думаешь?
[21:36:25] AETERNAL (6015b02d-f272-4154-8209-5e3b23bbc09c): не видел
[21:36:32] Apt_bolka (99791d25-cc6a-40d5-9fab-db8d91e26277): Посмотри
[21:36:33] AETERNAL (6015b02d-f272-4154-8209-5e3b23bbc09c): отьебитесь от меня
[21:36:36] Apt_bolka (99791d25-cc6a-40d5-9fab-db8d91e26277): пхпхпх
[21:36:37] Apt_bolka (99791d25-cc6a-40d5-9fab-db8d91e26277): Ок
[21:36:40] Apt_bolka (99791d25-cc6a-40d5-9fab-db8d91e26277): завтра ответишь
[21:36:41] AETERNAL (6015b02d-f272-4154-8209-5e3b23bbc09c): не один только майн в жизни
[21:42:39] Apt_bolka (99791d25-cc6a-40d5-9fab-db8d91e26277): ткс
[21:43:20] Apt_bolka (99791d25-cc6a-40d5-9fab-db8d91e26277): тп если есть вопросы
[21:44:30] VladDoor (f83aa885-2487-4295-b366-193cd21d8701): где откат ?
[21:44:33] VladDoor (f83aa885-2487-4295-b366-193cd21d8701): нету же
[21:54:31] AETERNAL (6015b02d-f272-4154-8209-5e3b23bbc09c): ник мне
[21:54:42] AETERNAL (6015b02d-f272-4154-8209-5e3b23bbc09c): того кто вам "посоветовал"
[21:55:00] LucKefir (4e9a468e-dcee-4495-981b-16afc62515ef): оброщайся к shick'у
[21:55:08] AETERNAL (6015b02d-f272-4154-8209-5e3b23bbc09c): блять
[21:55:13] AETERNAL (6015b02d-f272-4154-8209-5e3b23bbc09c): за дурака меня не держи
[21:55:15] AETERNAL (6015b02d-f272-4154-8209-5e3b23bbc09c): ві тима
[21:55:29] Shick (1e509a89-d5e1-4571-bec0-bbd919826fe9): а?
[21:55:32] AETERNAL (6015b02d-f272-4154-8209-5e3b23bbc09c): чё а
[21:55:34] AETERNAL (6015b02d-f272-4154-8209-5e3b23bbc09c): ник
[21:55:37] Shick (1e509a89-d5e1-4571-bec0-bbd919826fe9): хули шаришься тут
[21:55:44] Shick (1e509a89-d5e1-4571-bec0-bbd919826fe9): а
[21:55:49] Shick (1e509a89-d5e1-4571-bec0-bbd919826fe9): ща
[21:56:00] Shick (1e509a89-d5e1-4571-bec0-bbd919826fe9): точно отпустишь живыми?
[21:56:04] Apt_bolka (99791d25-cc6a-40d5-9fab-db8d91e26277): ммммм
[21:56:09] Apt_bolka (99791d25-cc6a-40d5-9fab-db8d91e26277): - Дахрена ресов
[21:56:19] AETERNAL (6015b02d-f272-4154-8209-5e3b23bbc09c): даю слово
[21:56:24] Shick (1e509a89-d5e1-4571-bec0-bbd919826fe9): пацана?
[21:56:28] Shick (1e509a89-d5e1-4571-bec0-bbd919826fe9): чье слово?
[21:56:33] Shick (1e509a89-d5e1-4571-bec0-bbd919826fe9): мне просто страшно
[21:56:39] AETERNAL (6015b02d-f272-4154-8209-5e3b23bbc09c): а вот нервов я тебе много своих не дам
[21:56:39] Shick (1e509a89-d5e1-4571-bec0-bbd919826fe9): вдруг забанишь
[21:56:43] Apt_bolka (99791d25-cc6a-40d5-9fab-db8d91e26277): аптечка возвращять будешь?
[21:56:49] Shick (1e509a89-d5e1-4571-bec0-bbd919826fe9): ладно
[21:56:51] Shick (1e509a89-d5e1-4571-bec0-bbd919826fe9): Apt_bolka
[21:57:02] Apt_bolka (99791d25-cc6a-40d5-9fab-db8d91e26277): я не дюпал
[21:57:36] Shick (1e509a89-d5e1-4571-bec0-bbd919826fe9): Щас то все нормально
[21:57:38] Shick (1e509a89-d5e1-4571-bec0-bbd919826fe9): бэкап был
[21:57:55] Shick (1e509a89-d5e1-4571-bec0-bbd919826fe9): все?
[21:58:00] Shick (1e509a89-d5e1-4571-bec0-bbd919826fe9): успокоился?
[21:58:33] AETERNAL (6015b02d-f272-4154-8209-5e3b23bbc09c): а теперь детальнее
[21:58:37] AETERNAL (6015b02d-f272-4154-8209-5e3b23bbc09c): как всё было
[21:58:40] Shick (1e509a89-d5e1-4571-bec0-bbd919826fe9): а это за плату
[21:58:57] Shick (1e509a89-d5e1-4571-bec0-bbd919826fe9): тут дюп ебейший
[21:59:55] AETERNAL (6015b02d-f272-4154-8209-5e3b23bbc09c): следующее такое происшествие бан на месяц
[22:00:02] AETERNAL (6015b02d-f272-4154-8209-5e3b23bbc09c): и я не буду выяснять кто виноват
[22:00:12] Shick (1e509a89-d5e1-4571-bec0-bbd919826fe9): хорошо
[22:00:24] Shick (1e509a89-d5e1-4571-bec0-bbd919826fe9): давай я тебе покажу как это работает
[22:00:29] Shick (1e509a89-d5e1-4571-bec0-bbd919826fe9): но я хочу что то взамен
[22:00:43] AETERNAL (6015b02d-f272-4154-8209-5e3b23bbc09c): не надо мне ещё одного "как работает"
[22:00:47] AETERNAL (6015b02d-f272-4154-8209-5e3b23bbc09c): предмет
[22:00:49] AETERNAL (6015b02d-f272-4154-8209-5e3b23bbc09c): и всё
[22:01:27] Shick (1e509a89-d5e1-4571-bec0-bbd919826fe9): через который дюпали?
[22:01:33] AETERNAL (6015b02d-f272-4154-8209-5e3b23bbc09c): именно
[22:01:43] Shick (1e509a89-d5e1-4571-bec0-bbd919826fe9): Дай взамен что то
[22:01:53] Shick (1e509a89-d5e1-4571-bec0-bbd919826fe9): не бан
[22:01:57] AETERNAL (6015b02d-f272-4154-8209-5e3b23bbc09c): вы уже достаточно получили
[22:01:58] Shick (1e509a89-d5e1-4571-bec0-bbd919826fe9): из предметов
[22:02:02] AETERNAL (6015b02d-f272-4154-8209-5e3b23bbc09c): уже поздно
[22:02:03] Shick (1e509a89-d5e1-4571-bec0-bbd919826fe9): Хули получили?
[22:02:05] Shick (1e509a89-d5e1-4571-bec0-bbd919826fe9): нихуя
[22:02:07] Shick (1e509a89-d5e1-4571-bec0-bbd919826fe9): откат сервера
[22:02:08] AETERNAL (6015b02d-f272-4154-8209-5e3b23bbc09c): что-то взамен
[22:02:19] AETERNAL (6015b02d-f272-4154-8209-5e3b23bbc09c): ты щас меня обвинить хочешь?
[22:02:30] LucKefir (4e9a468e-dcee-4495-981b-16afc62515ef): да
[22:02:40] Shick (1e509a89-d5e1-4571-bec0-bbd919826fe9): мы дюпали не специально
[22:02:42] AETERNAL (6015b02d-f272-4154-8209-5e3b23bbc09c): предмет с кривым NBT был у LucKefir
[22:02:58] Shick (1e509a89-d5e1-4571-bec0-bbd919826fe9): ну дашь что то в замен?
[22:03:03] Shick (1e509a89-d5e1-4571-bec0-bbd919826fe9): мех какой нибудь?
[22:03:16] LucKefir (4e9a468e-dcee-4495-981b-16afc62515ef): виноват тот, кто поставил сборку
[22:03:18] Shick (1e509a89-d5e1-4571-bec0-bbd919826fe9): и я сразу назову предмет
[22:16:49] Nergaloff (88da800e-1614-4c65-ace8-c18f7e99e914): в дс написать?
[22:17:54] AETERNAL (6015b02d-f272-4154-8209-5e3b23bbc09c): если помнишь
[22:17:56] AETERNAL (6015b02d-f272-4154-8209-5e3b23bbc09c): что делал
[22:17:58] AETERNAL (6015b02d-f272-4154-8209-5e3b23bbc09c): а если нет
[22:18:09] AETERNAL (6015b02d-f272-4154-8209-5e3b23bbc09c): то дам то что считаю эквивалентым
[22:18:46] LucKefir (4e9a468e-dcee-4495-981b-16afc62515ef): Булка, покажи тот дюп который через нотный блок делается
[22:19:03] Shick (1e509a89-d5e1-4571-bec0-bbd919826fe9): кхм.
[22:19:12] Shick (1e509a89-d5e1-4571-bec0-bbd919826fe9): не
[22:19:15] Shick (1e509a89-d5e1-4571-bec0-bbd919826fe9): другой
[22:19:36] Apt_bolka (99791d25-cc6a-40d5-9fab-db8d91e26277): хай всем..
[22:19:48] VladDoor (f83aa885-2487-4295-b366-193cd21d8701): AETERNAL если сделать самый пиздатый алтарь то он будет заменять все остальные?
[22:19:50] VladDoor (f83aa885-2487-4295-b366-193cd21d8701): в астрале
[22:19:57] Nergaloff (88da800e-1614-4c65-ace8-c18f7e99e914): да
[22:20:44] Nergaloff (88da800e-1614-4c65-ace8-c18f7e99e914): спасибо
[22:21:26] Nergaloff (88da800e-1614-4c65-ace8-c18f7e99e914): последнее
[22:21:28] Nergaloff (88da800e-1614-4c65-ace8-c18f7e99e914): самое
[22:21:32] Nergaloff (88da800e-1614-4c65-ace8-c18f7e99e914): область 5х5
[22:21:34] Nergaloff (88da800e-1614-4c65-ace8-c18f7e99e914): модуль
[22:21:41] Nergaloff (88da800e-1614-4c65-ace8-c18f7e99e914): и всё
[22:21:52] Nergaloff (88da800e-1614-4c65-ace8-c18f7e99e914): <3
[22:22:05] AETERNAL (6015b02d-f272-4154-8209-5e3b23bbc09c): сорян за приключения
[22:22:13] Nergaloff (88da800e-1614-4c65-ace8-c18f7e99e914): та ладно
[22:38:28] Apt_bolka (99791d25-cc6a-40d5-9fab-db8d91e26277): а вы не в бане?
[22:38:36] Shick (1e509a89-d5e1-4571-bec0-bbd919826fe9): А с хуяли?
[22:38:55] LucKefir (4e9a468e-dcee-4495-981b-16afc62515ef): Мы законопослушные граждане
[22:38:57] Apt_bolka (99791d25-cc6a-40d5-9fab-db8d91e26277): ну типо твой же тиммейт фигню творил
[22:39:11] Shick (1e509a89-d5e1-4571-bec0-bbd919826fe9): Он долбоеб признал вину
[22:39:19] Shick (1e509a89-d5e1-4571-bec0-bbd919826fe9): Мы больше таким не занимаемся
[22:39:22] Shick (1e509a89-d5e1-4571-bec0-bbd919826fe9): впизду
[22:39:43] Apt_bolka (99791d25-cc6a-40d5-9fab-db8d91e26277): дам.. а до меня выебали
[22:39:50] Shick (1e509a89-d5e1-4571-bec0-bbd919826fe9): Ну прости брат
[22:39:54] Shick (1e509a89-d5e1-4571-bec0-bbd919826fe9): не держи зла
[22:40:02] Apt_bolka (99791d25-cc6a-40d5-9fab-db8d91e26277): д не держу
[22:40:08] Apt_bolka (99791d25-cc6a-40d5-9fab-db8d91e26277): я сам на себя обижен
[22:40:20] LucKefir (4e9a468e-dcee-4495-981b-16afc62515ef): Булка, покажи тот дюп который через нотный блок делается
[22:40:27] Apt_bolka (99791d25-cc6a-40d5-9fab-db8d91e26277): смысле?
[22:40:32] Apt_bolka (99791d25-cc6a-40d5-9fab-db8d91e26277): я такой незнаю
[22:40:38] Shick (1e509a89-d5e1-4571-bec0-bbd919826fe9): да ладно
[22:40:41] Shick (1e509a89-d5e1-4571-bec0-bbd919826fe9): тут все всои
[22:40:44] Shick (1e509a89-d5e1-4571-bec0-bbd919826fe9): свои
[22:40:48] Apt_bolka (99791d25-cc6a-40d5-9fab-db8d91e26277): д реально
[22:40:49] Apt_bolka (99791d25-cc6a-40d5-9fab-db8d91e26277): без рофла
[22:40:55] Apt_bolka (99791d25-cc6a-40d5-9fab-db8d91e26277): смысле нотный блок?
[22:41:08] Shick (1e509a89-d5e1-4571-bec0-bbd919826fe9): да ладно потом расскажешь
[22:41:18] Apt_bolka (99791d25-cc6a-40d5-9fab-db8d91e26277): д бл я могу даже в дс написать
[22:41:23] Apt_bolka (99791d25-cc6a-40d5-9fab-db8d91e26277): я незнаю о таком
[22:41:24] Shick (1e509a89-d5e1-4571-bec0-bbd919826fe9): Да ладно мы рофлим)
[22:41:27] Shick (1e509a89-d5e1-4571-bec0-bbd919826fe9): расслабься
[22:41:29] Apt_bolka (99791d25-cc6a-40d5-9fab-db8d91e26277): не оч смешно
[22:41:41] Shick (1e509a89-d5e1-4571-bec0-bbd919826fe9): Не оч смешно было когда забанили нас
[22:48:33] Apt_bolka (99791d25-cc6a-40d5-9fab-db8d91e26277): влад зайдёшь?
[22:52:44] sharpness (63a48fe2-c258-4a29-8377-dd140c168fab): выйп был?
[22:54:35] sharpness (63a48fe2-c258-4a29-8377-dd140c168fab): выйп был?
[22:54:43] Apt_bolka (99791d25-cc6a-40d5-9fab-db8d91e26277): -
[22:55:06] Apt_bolka (99791d25-cc6a-40d5-9fab-db8d91e26277): Пошли в войс Shick
[22:55:06] sharpness (63a48fe2-c258-4a29-8377-dd140c168fab): А почему у меня пропали сундуки вещи с инвента, но приват и хом остались..
[22:55:16] Apt_bolka (99791d25-cc6a-40d5-9fab-db8d91e26277): был откат
[22:55:22] sharpness (63a48fe2-c258-4a29-8377-dd140c168fab): ...
[22:55:32] sharpness (63a48fe2-c258-4a29-8377-dd140c168fab): Кит старт теперь получить не могу
[22:55:34] LucKefir (4e9a468e-dcee-4495-981b-16afc62515ef): Булка додюпался
[22:55:34] Apt_bolka (99791d25-cc6a-40d5-9fab-db8d91e26277): чтоб вернуть ресы пиши Аптечке
[22:55:39] sharpness (63a48fe2-c258-4a29-8377-dd140c168fab): А вещей нет вообще
[22:55:40] [CAPS] Apt_bolka (99791d25-cc6a-40d5-9fab-db8d91e26277): конченый блять
[22:55:43] sharpness (63a48fe2-c258-4a29-8377-dd140c168fab): Это кто?
[22:55:48] Apt_bolka (99791d25-cc6a-40d5-9fab-db8d91e26277): ТЫ блять дюпер ебаный
[22:55:54] Apt_bolka (99791d25-cc6a-40d5-9fab-db8d91e26277): сука меня обвиняет
[22:56:04] Apt_bolka (99791d25-cc6a-40d5-9fab-db8d91e26277): уёбок блять
[22:56:13] LucKefir (4e9a468e-dcee-4495-981b-16afc62515ef): А я в чём виноват, ты показал, вот и всё
[22:56:15] sharpness (63a48fe2-c258-4a29-8377-dd140c168fab): У меня особо ниче не было, просто кит старт теперь взять не могу, чтобы начать чето делать
[22:56:19] Apt_bolka (99791d25-cc6a-40d5-9fab-db8d91e26277): ТЫ Ебл..
[22:57:08] sharpness (63a48fe2-c258-4a29-8377-dd140c168fab): Может кто-то дать че-нибудь из тинкер шмоток, чтобы начать просто
[22:57:14] sharpness (63a48fe2-c258-4a29-8377-dd140c168fab): Инструментов никаких нет
[22:57:18] Apt_bolka (99791d25-cc6a-40d5-9fab-db8d91e26277): попроси аптечку выдать тебе
[22:57:37] Apt_bolka (99791d25-cc6a-40d5-9fab-db8d91e26277): не ну если нужно могу дать
[22:57:59] Apt_bolka (99791d25-cc6a-40d5-9fab-db8d91e26277): тп
[22:58:11] sharpness (63a48fe2-c258-4a29-8377-dd140c168fab): Да у меня не было ниче, я только тинкер печ сделал и вышел, щас зашел смотрю на спавне и одни книги в инвенте
[22:58:39] Apt_bolka (99791d25-cc6a-40d5-9fab-db8d91e26277): щя сек
[22:58:56] Apt_bolka (99791d25-cc6a-40d5-9fab-db8d91e26277): на
[22:59:06] Apt_bolka (99791d25-cc6a-40d5-9fab-db8d91e26277): всё
[22:59:11] Apt_bolka (99791d25-cc6a-40d5-9fab-db8d91e26277): это норм будет?
[22:59:28] sharpness (63a48fe2-c258-4a29-8377-dd140c168fab): там же лопата и топор на 1 прочность ахах, поэтому и просил из тинкера
[22:59:33] sharpness (63a48fe2-c258-4a29-8377-dd140c168fab): можно чуть еды?
[22:59:44] Apt_bolka (99791d25-cc6a-40d5-9fab-db8d91e26277): ааа
[22:59:45] Apt_bolka (99791d25-cc6a-40d5-9fab-db8d91e26277): сек
[23:00:21] Apt_bolka (99791d25-cc6a-40d5-9fab-db8d91e26277): лопаты ненашол
[23:00:24] sharpness (63a48fe2-c258-4a29-8377-dd140c168fab): спасибо <#
[23:00:28] Apt_bolka (99791d25-cc6a-40d5-9fab-db8d91e26277): Пожалуйста
[23:04:48] Apt_bolka (99791d25-cc6a-40d5-9fab-db8d91e26277): го в войс Shick ток я без микро
[23:05:00] Shick (1e509a89-d5e1-4571-bec0-bbd919826fe9): го
[23:05:11] Apt_bolka (99791d25-cc6a-40d5-9fab-db8d91e26277): ну так что?
[23:05:18] Shick (1e509a89-d5e1-4571-bec0-bbd919826fe9): ГО
[23:05:47] Apt_bolka (99791d25-cc6a-40d5-9fab-db8d91e26277): закройся
[23:06:07] Apt_bolka (99791d25-cc6a-40d5-9fab-db8d91e26277): Понятно
[23:06:13] Shick (1e509a89-d5e1-4571-bec0-bbd919826fe9): ДА пошли все
[23:06:15] Shick (1e509a89-d5e1-4571-bec0-bbd919826fe9): не будем
[23:07:46] LucKefir (4e9a468e-dcee-4495-981b-16afc62515ef): Булка обиделась чёт
[23:07:50] Shick (1e509a89-d5e1-4571-bec0-bbd919826fe9): Булка блять
[23:07:52] Shick (1e509a89-d5e1-4571-bec0-bbd919826fe9): Пошли
[23:08:06] Apt_bolka (99791d25-cc6a-40d5-9fab-db8d91e26277): -
[23:11:37] Apt_bolka (99791d25-cc6a-40d5-9fab-db8d91e26277): что звали
[23:12:12] Apt_bolka (99791d25-cc6a-40d5-9fab-db8d91e26277): Ну я хотел прост посидеть послушать вас но вы начал *Шутить*
[23:12:21] Apt_bolka (99791d25-cc6a-40d5-9fab-db8d91e26277): начали*
[23:13:02] Apt_bolka (99791d25-cc6a-40d5-9fab-db8d91e26277): с чего такие предположения
[23:13:22] Apt_bolka (99791d25-cc6a-40d5-9fab-db8d91e26277): Просто поставил префикс
[23:14:50] Apt_bolka (99791d25-cc6a-40d5-9fab-db8d91e26277): играю тут с открытие проекта..
[23:16:21] Apt_bolka (99791d25-cc6a-40d5-9fab-db8d91e26277): там чтоб любой квест выполнить надо Предмет крафтить в верстаке обычном
[23:16:23] Apt_bolka (99791d25-cc6a-40d5-9fab-db8d91e26277): так что будьте акуратны
[23:17:00] Apt_bolka (99791d25-cc6a-40d5-9fab-db8d91e26277): Команда
[23:17:05] Apt_bolka (99791d25-cc6a-40d5-9fab-db8d91e26277): для доната luxury
[23:18:06] Apt_bolka (99791d25-cc6a-40d5-9fab-db8d91e26277): 1500 пинга ебал в рот Интеркон
[23:18:35] Apt_bolka (99791d25-cc6a-40d5-9fab-db8d91e26277): пизда
[23:19:46] Apt_bolka (99791d25-cc6a-40d5-9fab-db8d91e26277): 6
[23:20:54] Apt_bolka (99791d25-cc6a-40d5-9fab-db8d91e26277): смысл текстур паков..
[23:21:03] Apt_bolka (99791d25-cc6a-40d5-9fab-db8d91e26277): Посмотри в дс
[23:21:12] Apt_bolka (99791d25-cc6a-40d5-9fab-db8d91e26277): или на сайте
[23:21:52] Apt_bolka (99791d25-cc6a-40d5-9fab-db8d91e26277): люто
[23:22:03] Apt_bolka (99791d25-cc6a-40d5-9fab-db8d91e26277): я то хули несу за даунов
[23:22:10] Kraam (8f4ff097-fb9c-4d6c-a65a-272709f03c3a): что за раскаты грома, хотя звук у меня в настройках прикручен.
[23:22:26] Apt_bolka (99791d25-cc6a-40d5-9fab-db8d91e26277): выруби окружение
[23:26:56] Apt_bolka (99791d25-cc6a-40d5-9fab-db8d91e26277): Кто измельчитель дать может?
[23:27:14] Apt_bolka (99791d25-cc6a-40d5-9fab-db8d91e26277): Кто измельчитель дать может?
[23:32:27] Shick (1e509a89-d5e1-4571-bec0-bbd919826fe9): Во сука блять
[23:34:01] Apt_bolka (99791d25-cc6a-40d5-9fab-db8d91e26277): 3 кристала рандом 1 красная пыль 1 кремень миска
[23:35:13] Apt_bolka (99791d25-cc6a-40d5-9fab-db8d91e26277): XD
[23:35:54] Shick (1e509a89-d5e1-4571-bec0-bbd919826fe9): этот гандом
[23:35:56] Shick (1e509a89-d5e1-4571-bec0-bbd919826fe9): мне мут дал
[23:35:58] Shick (1e509a89-d5e1-4571-bec0-bbd919826fe9): на 10 минут
[23:36:00] Shick (1e509a89-d5e1-4571-bec0-bbd919826fe9): пошли лс
[23:36:38] Apt_bolka (99791d25-cc6a-40d5-9fab-db8d91e26277): у кого есть плод хороса?
[23:36:49] Apt_bolka (99791d25-cc6a-40d5-9fab-db8d91e26277): блять
[23:37:02] Apt_bolka (99791d25-cc6a-40d5-9fab-db8d91e26277): влад нету плода хороса?
[23:37:24] Apt_bolka (99791d25-cc6a-40d5-9fab-db8d91e26277): ну я в энд не ходил
[23:37:31] Apt_bolka (99791d25-cc6a-40d5-9fab-db8d91e26277): давай
[23:37:38] Apt_bolka (99791d25-cc6a-40d5-9fab-db8d91e26277): а реал?
[23:39:46] Apt_bolka (99791d25-cc6a-40d5-9fab-db8d91e26277): лучшая гадость молчание
